201842517056946177;264445053596991498
269148779620335616;264445053596991498
260262911983747072;264445053596991498
277469969107648513;264445053596991498
171308736441352193;264445053596991498
332591954879709185;264445053596991498
420188918512615424;264445053596991498
341306788655792128
424370117657362443;264445053596991498
430729334886760448;264445053596991498
151044827738275840;264445053596991498;265125253443878912
322146140730687488;264445053596991498
298571460736450560;264445053596991498
183747060736983041;264445053596991498
242346327911038976;264445053596991498
292821168833036288
201523656218640394;264445053596991498
374696286093443082;264445053596991498
357497306125303808;264445053596991498
174661611024285697;264445053596991498
192793376439926785;264445053596991498
434928816201138176;264445053596991498
424406834497978368;264445053596991498
91672103706722304;264445053596991498
375357817177112577;264445053596991498
218500275818856449;264445053596991498
416044843744362496;264445053596991498
407696835256385536;264445053596991498;265124127789023232
369253610015424513;264445053596991498
320213952216694795;264445053596991498
173262245231460352
303407757137018882;264445053596991498
355935414311321610;264445053596991498
381132124998205448;264445053596991498
452585205975351297;264445053596991498;265124127789023232;300375880088158208
417148652075745283;264445053596991498
315001675544788992;264445053596991498
242987875904389121;264445053596991498
323921244950888448;264445053596991498
253148678070468608;264445053596991498
264582326925656066;264445053596991498
345127023863267328;264445053596991498
254518325474885632;264445053596991498;265124127789023232;305714859369299978
366062935640113153;264445053596991498
370936714660806657;264445053596991498
449623770403962890;264445053596991498
335455036895395850;264445053596991498
280252654230437888;264445053596991498
409681481514876949;264445053596991498
375254222859403266;264445053596991498
336526425588760576;264445053596991498
307623045902630912;264445053596991498
328064175614066688;264445053596991498
310258983359348737;264445053596991498
293078258793054209;264445053596991498
242994729459908609;264445053596991498
302959385246695445;264445053596991498
437673188428742660;264445053596991498
277422871230414848;264445053596991498
388587213228736512;264445053596991498
227054813567909889;264445053596991498
405887989416460289;264445053596991498
263255679580504064;264445053596991498
405067738856292372;264445053596991498
238363873038696448;264445053596991498
229667007572738059;264445053596991498
392986613342535681;264445053596991498
219556681502162945;264445053596991498
249261113332465664;264445053596991498
205281725801168896;264445053596991498;265124127789023232;300375880088158208
393414908886384640;264445053596991498
121001195002265600;264445053596991498
401343603013582848;264445053596991498
370919850337501185;264445053596991498
270278707615105024;264445053596991498
231085410988589056;264445053596991498;423921564858187786;343209444240392205;324186523266187264;265125253443878912;305714705878614018
233236241779392513;264445053596991498
399207497207906306;264445053596991498
450627288556503060;264445053596991498
455412153458098186;264445053596991498
362096657711628290;264445053596991498
295535223616176130;264445053596991498
432190037938012203;264445053596991498
426043467047632896;264445053596991498
236789829856133120;264445053596991498
125661943376642048;264445053596991498
437581259787468801;264445053596991498
274737314586951681;264445053596991498
324637451698176010;264445053596991498
341786455670259713;264445053596991498
449508184827232256;264445053596991498
349909274094469120;264445053596991498
445745225583951886;264445053596991498
402901417322479616;264445053596991498
344102049434173440;264445053596991498
210547039375720448;264445053596991498
197639021973733376;264445053596991498
398552502867329024;264445053596991498
302529652977827840;264445053596991498
299518472218738688;264445053596991498
190183362294579211;264445053596991498
359430603076272129;264445053596991498
315452225600356352;264445053596991498;300375880088158208
398969575158579200;264445053596991498
327180363149606933;264445053596991498
455309671599833090;264445053596991498
238017566335959040;264445053596991498
272057150459609088;264445053596991498
217193618371248128;264445053596991498
212691633324425217;264445053596991498
124971045877841927;264445053596991498
331578589545889804;264445053596991498;265125253443878912
187087629148225537;264445053596991498
356659167450234881;264445053596991498
323845035562893312;264445053596991498
233686695688536074;264445053596991498
290440116521009152;264445053596991498
455651200134676492;264445053596991498
201399602404917249;264445053596991498
329596008436858883;264445053596991498
435600556153765890;264445053596991498
410599481243860993
340266616908414976;264445053596991498
132941638040420352;264445053596991498;265125253443878912
450356091541389322;264445053596991498;265124127789023232
410520691839074315;264445053596991498
411010326549495819;264445053596991498
423762997232795658;264445053596991498
361863186900582411
309042181564399618;264445053596991498
276153221704187914;264445053596991498
321591930918010881;264445053596991498
157576246413230080;264445053596991498
307783581047062529;264445053596991498
339621984147341312;264445053596991498
451088756582121492;264445053596991498
387759150568046593
326602206923063298;264445053596991498
449600894800232478;264445053596991498;265125253443878912
371427417991938062;264445053596991498
424577553777557505;264445053596991498
217998454197190656;264445053596991498
393097471389073409;264445053596991498
372833678965080066
350693623693836288;264445053596991498
226253058349334528;264445053596991498
444981500086321157;264445053596991498
446859162882801694;264445053596991498
358027295622955008;264445053596991498
379420154955825153;264445053596991498
385940793921372175;264445053596991498
323623236409491456;264445053596991498
395165525245820928;264445053596991498
407218997193605120
223287794494210049;264445053596991498
414400302255439872;264445053596991498
281878849946648576;264445053596991498
428423555550674945;264445053596991498
386353070029930496;264445053596991498
317107842039414799;264445053596991498
419297004376817664;264445053596991498
208783343607611393;264445053596991498
294915551430574081;264445053596991498
199012097764360193;264445053596991498
155530141303439361;264445053596991498
140222451656163329;264445053596991498
237251677474914304;264445053596991498
194333478106431490
237249350856605698;264445053596991498
377097113047138305;264445053596991498
286756561848762378;264445053596991498
407662597555617802;264445053596991498
446311015978762240;264445053596991498;265124127789023232
342639892133838848;264445053596991498
369716019347980309;264445053596991498
449050271981633546;264445053596991498
225044129879425025;264445053596991498
132882334063132672;264445053596991498;265125253443878912
288647461713477634;264445053596991498
386440662704193544;264445053596991498
455586984933588997;264445053596991498
439887549364830249;264445053596991498
434902118470516737;264445053596991498
395245282725593098;264445053596991498
374811888044998656;264445053596991498
292239993953320960;264445053596991498
420545318158073857;264445053596991498
455825464137613313;264445053596991498
435103301218992154;264445053596991498
270510604878348288;264445053596991498
191264633741508608;264445053596991498
429640528297197570;264445053596991498
428502062821670923
370280967484735488;264445053596991498
273959607213490176;264445053596991498
255462904717901824;264445053596991498
304672770623668234;264445053596991498
390269646604861442;264445053596991498
313850927691989002;264445053596991498
267654109983670273;264445053596991498
405303833494028289;264445053596991498
237253919112298497;264445053596991498
295356738968879104;264445053596991498
371957662553866240;264445053596991498
259014826242736132;264445053596991498
389133826326265859;264445053596991498
365841386832134157;264445053596991498
410107412507525121;264445053596991498
149964901056643072;264445053596991498
281147787981357057;264445053596991498
379316444992897035;264445053596991498;265124127789023232
237538524436496385;264445053596991498
344212009845260298;264445053596991498
339234478528659458;264445053596991498
335566380759777300;264445053596991498
257868906364928000;264445053596991498
332561722621820951;264445053596991498
222754569254469632;264445053596991498
428270429346725910;264445053596991498
400318415887138818;264445053596991498;300375880088158208
254943650646065152;264445053596991498
336058853403787275;264445053596991498;265124127789023232
442750251950931991;264445053596991498
156180668433301505;264445053596991498
411918662891470858;264445053596991498
337892461655359488;264445053596991498
272132822725165067;264445053596991498
347824667391950848;264445053596991498
346096290897330176;264445053596991498
420983235749609472;264445053596991498
293883974747684874
393733439481708556;264445053596991498
423982668481298434;264445053596991498
424352462691106817;264445053596991498
253036814762246159;264445053596991498
325620784359931904;264445053596991498
171687288072306688;264445053596991498
352939521224212490;264445053596991498
401088224916668417;264445053596991498
321627905568276480;264445053596991498
398228296241774603;264445053596991498
454930857476620298;264445053596991498
130853292275269632;264445053596991498
136856013159530496;264445053596991498;343209444240392205
205427219093258240;264445053596991498
322435182902771714;264445053596991498
411997027354935298;264445053596991498
117494668769361927;264445053596991498
261498586611712000;264445053596991498
417047819762008066;264445053596991498
396708812234424339;264445053596991498
196716172148867072;264445053596991498
208595993833242625;264445053596991498
377843636848558080;264445053596991498
456223627319443456;264445053596991498
357637024141803520;264445053596991498
319625873521115138;264445053596991498
432274468493066251;264445053596991498
203221305170984970;264445053596991498
359514086247104512;264445053596991498
354172358757580803;264445053596991498
364948564557824002;264445053596991498
447538573638631435;264445053596991498
433381154448736267;264445053596991498
155820969582133248;264445053596991498
400156206825734166;264445053596991498
387308230763872256;264445053596991498
434177631378866206;264445053596991498
395951603762593792;264445053596991498
402421033862430731;264445053596991498
204456029092708361;264445053596991498
407602491753234433;264445053596991498
189114440908668929;264445053596991498
345345791298371584;264445053596991498
166227742248009728;264445053596991498
218881660530196482;264445053596991498
161848629080883200;264445053596991498
426547837627531265;264445053596991498
379049046330966016;264445053596991498
368170837628682240
353211922998624257;264445053596991498
242832450890366977;264445053596991498
406229370651541505;264445053596991498
144319891791544320;264445053596991498
410168467409469460;264445053596991498
451217582922661890;264445053596991498
445977512342978561;264445053596991498
320410308197744640;264445053596991498;343209444240392205
428578223564259332;264445053596991498
452240615514832907;264445053596991498
429975842550972426;264445053596991498
413482214756450305;264445053596991498
237429727009177600;264445053596991498
448694545454989322;264445053596991498
371981142796009473;264445053596991498
411756465888690176;264445053596991498
348310442730323969;264445053596991498
258397796107943937;264445053596991498
264732257086996480;264445053596991498
427296779457789962;264445053596991498
386505108277559296;264445053596991498
320617584846438410;264445053596991498
131313439132876800;264445053596991498
175463633906696192;264445053596991498
450208509234249730;264445053596991498
278136278116204545;264445053596991498
328817729853194240;264445053596991498
201857396526546944;264445053596991498
412654191224422400;264445053596991498
445264020891762689;264445053596991498
455866177944682496;264445053596991498
413538703299051520;264445053596991498
369144423088652293;264445053596991498
403608549734875137;264445053596991498
317225830894010369;264445053596991498
452091709329899530;264445053596991498
370684576387039253;264445053596991498
291267647348146179;264445053596991498
347444559640395787;264445053596991498
300539160899485697;264445053596991498
300111862555607052;264445053596991498
438639915547361280;264445053596991498
316228768060669956;264445053596991498
452130171676393473;264445053596991498
361305893255512076;264445053596991498
411133772998901761;264445053596991498
164419561964175362;264445053596991498
427455466784686080;264445053596991498
434863205395726345;264445053596991498
422329870161281037;264445053596991498
229578041251069953;264445053596991498
369551158932406272;264445053596991498
353158609225383937;264445053596991498
456099603175964672;264445053596991498
330198400177799168;264445053596991498
334392774768197632;264445053596991498
277543510079438848;264445053596991498;265125253443878912
308184668883124225;264445053596991498
302056997728026624;264445053596991498
95624828756701184;264445053596991498
348431900773318656;264445053596991498
354472588858097664;264445053596991498
366582685310910464;264445053596991498
420907324945989632;264445053596991498;265124127789023232
377494894677065738;264445053596991498
351279399867514881;264445053596991498
453315991355785217;264445053596991498
257179321419038722;264445053596991498
434802867728023553;264445053596991498
301770104339693568;264445053596991498
303110980743987202;264445053596991498
444226886139117579;264445053596991498
438324706375106561;264445053596991498
445988318463655937;264445053596991498
283575966498947072;264445053596991498;265125253443878912
335529029929271298
425401037986463745;264445053596991498
248056674072395777;264445053596991498
456472885968633857;264445053596991498
435417833200025610;264445053596991498
454287998192713741;264445053596991498
334349246629412875;264445053596991498
421375453052534804;264445053596991498
100054535422099456;264445053596991498
334464611451535370;264445053596991498
373965085283975171;264445053596991498;398545300073218048
394071665333501953;264445053596991498
312145496179474434;264445053596991498
381110703894953987;264445053596991498
374526606015987722;264445053596991498
188867943050772491;264445053596991498
437030050076950529;264445053596991498
386232792478121985;264445053596991498
436945311454461973;264445053596991498
456523715664936970;264445053596991498
325814509572718592;264445053596991498;300375880088158208
141284740757061632;264445053596991498
317271920112304128;264445053596991498
282911966752931843;264445053596991498
345945163644010496;264445053596991498
372100707274194944
402470614268641283;264445053596991498
339757035157716993;264445053596991498;265124127789023232
222837645812695040;264445053596991498
251435230626316290;264445053596991498
414840480535150592;264445053596991498
430714908653387777;264445053596991498;265124127789023232;300375880088158208
368794720543178763;264445053596991498
321230207484952576;264445053596991498
400091490585411584;264445053596991498
252233856927793164;264445053596991498
357472725205516298;264445053596991498
297832577782382592;264445053596991498
130492887241719808;264445053596991498;265125253443878912
279411800846630912;264445053596991498
405585479904264202;264445053596991498
212300471371563008;264445053596991498
325783390043373571;264445053596991498
384761932764151822;264445053596991498
361066021408210944;264445053596991498
348309767544111105;264445053596991498
411676875337760779;264445053596991498
152271930441859072;264445053596991498
192230467519512576;264445053596991498
290947970457796608;264445053596991498;265124127789023232;305714859369299978
442457249948893185;264445053596991498
312324337011130368;264445053596991498
275662980350214145;264445053596991498;265125253443878912
451889981078896670;264445053596991498
247460326864453634;264445053596991498
381540752846487552;264445053596991498
424228757323120640;264445053596991498
331806371303391244;264445053596991498
387756452527472640;264445053596991498
337746322855821314;264445053596991498
183280912035741696;264445053596991498
293167840188563457;264445053596991498
212026264742002688;264445053596991498
199241226032119818;264445053596991498
434035401540501505;264445053596991498
325773635694624769;264445053596991498
456249639310589952;264445053596991498
383778287257780226;264445053596991498
353963857548541972;264445053596991498
424721898992304138;264445053596991498
441676203062067200;264445053596991498
350170481305059339;264445053596991498
177115665298096128;264445053596991498
381562192635494407;264445053596991498
454750880135249948;264445053596991498
404163284552515586;264445053596991498
294854743908548610;264445053596991498
324411190396715010;264445053596991498;265125253443878912
445637584895344651;264445053596991498
425673598498373642;264445053596991498
278635256377245697;264445053596991498
341846723607527425;264445053596991498
270339963885715466;264445053596991498
403226607894003712;264445053596991498
275334574739947521;264445053596991498
285057618626478082;264445053596991498
374276293245665292;264445053596991498
