391971420369846273;{281404141841022976: [376, 16], 278611007952257034: [157, 3], 279568324260528128: [364, 51], 238755062799663104: [207, 12], 409470110131027979: [75, 4], 375598088850505728: [274, 17], 208196217052594176: [1, 0], 382252818469355520: [201, 6], 283961496755765250: [1, 0], 380063749194776587: [20, 1], 351414519328800768: [27, 2], 136988096515407872: [10, 0], 431015194659913729: [31, 0], 373072489351479298: [144, 16], 367374331258470420: [121, 0], 332896499740442625: [56, 2], 410840892396797952: [13, 0], 343374737264869386: [2, 0], 188655419051343872: [1, 0], 329287008683950081: [24, 0], 196819801643941889: [122, 0], 293076681890201600: [71, 0], 125722240896598016: [12, 0], 285341011163611138: [1, 0], 401697051559198730: [2, 0], 452763489161707552: [7, 0], 420826908775809024: [2, 0], 269222015301451776: [17, 0], 177622316325273602: [11, 0], 163959412937981952: [1, 0], 147656693273198592: [8, 0], 339016955199619072: [1, 0]}
442720628362182658;{380063749194776587: [37, 0], 382252818469355520: [29, 0], 375598088850505728: [1, 0], 291297938909691904: [23, 0], 279568324260528128: [2, 0], 330417562259030016: [11, 0], 327162664667054081: [8, 0], 238638761628532737: [1, 0], 317278538388471808: [14, 0], 391985549067419659: [1, 0], 404218890617618432: [9, 0], 281404141841022976: [15, 1], 298497913900892170: [7, 0]}
391972183770923008;{279568324260528128: [221, 135], 281404141841022976: [72, 48], 375598088850505728: [63, 22], 409470110131027979: [49, 25], 283961496755765250: [2, 2], 238755062799663104: [12, 1], 382252818469355520: [13, 9], 373072489351479298: [71, 55], 401697051559198730: [38, 16], 125722240896598016: [8, 0], 329287008683950081: [3, 0], 367374331258470420: [1, 1]}
439180874857316368;{281404141841022976: [1784, 1730], 279568324260528128: [279, 246], 375598088850505728: [13, 0], 409470110131027979: [850, 844], 238755062799663104: [10, 1], 285341011163611138: [24, 23], 373072489351479298: [436, 400], 367374331258470420: [59, 59], 269222015301451776: [15, 12], 401697051559198730: [1012, 995], 278611007952257034: [15, 15]}
439317593698861056;{330417562259030016: [202, 185], 382252818469355520: [507, 468], 279568324260528128: [128, 113], 391985549067419659: [528, 504], 286216047122710538: [18, 18], 375598088850505728: [26, 16], 293409943275569154: [16, 15], 298497913900892170: [34, 26], 327162664667054081: [174, 171], 380063749194776587: [23, 12], 439526254928986112: [44, 40], 238755062799663104: [13, 13], 383333990184255489: [75, 75], 409470110131027979: [27, 27], 281404141841022976: [177, 170], 317278538388471808: [17, 17], 278611007952257034: [28, 28]}
432249481669509130;{380063749194776587: [51, 0], 382252818469355520: [132, 7], 375598088850505728: [52, 3], 330417562259030016: [13, 0], 238638761628532737: [83, 0], 279568324260528128: [69, 5], 238755062799663104: [77, 0], 391985549067419659: [12, 0], 298497913900892170: [129, 1], 327162664667054081: [33, 0], 404218890617618432: [16, 0], 346217320860876811: [1, 0], 351414519328800768: [1, 0], 281404141841022976: [60, 4], 387920768018939915: [1, 0], 317278538388471808: [1, 0], 409470110131027979: [2, 0], 439526254928986112: [1, 0]}
356067272730607630;{279568324260528128: [369, 19], 375598088850505728: [87, 5], 322491638624813056: [1, 0], 382252818469355520: [4, 0], 431015194659913729: [1, 0], 327162664667054081: [235, 0], 286827468445319168: [120, 8], 278611007952257034: [159, 0], 281404141841022976: [146, 4], 351414519328800768: [18, 0], 298497913900892170: [103, 13], 397181270213525505: [61, 28], 392766377078816789: [31, 0], 365122418727190528: [5, 0], 368110054571900949: [2, 0], 231499325123854336: [33, 2], 373072489351479298: [17, 4], 401697051559198730: [1, 0], 277488965798330379: [2, 0], 455641632004505620: [1, 0], 271288202780737537: [1, 0]}
444626902720839691;{375598088850505728: [359, 1], 279568324260528128: [291, 13], 278611007952257034: [109, 0], 286827468445319168: [18, 0], 298497913900892170: [19, 0], 231499325123854336: [5, 0]}
444627755871502356;{278611007952257034: [1, 0], 375598088850505728: [3, 0], 298497913900892170: [1, 0]}
438735948650512394;{279568324260528128: [44, 39]}
399203240799109120;{285341011163611138: [35, 0], 278611007952257034: [173, 1], 375598088850505728: [46, 0], 279568324260528128: [14, 0], 382252818469355520: [1, 0], 286216047122710538: [85, 0], 380063749194776587: [46, 0], 229245667124445184: [54, 0]}
424959694520713225;{278671171019341826: [21, 0], 238638761628532737: [63, 0], 380063749194776587: [96, 1], 382252818469355520: [281, 5], 286216047122710538: [2, 0], 327162664667054081: [102, 0], 298497913900892170: [228, 4], 375598088850505728: [43, 1], 317411645129490435: [8, 0], 279568324260528128: [62, 8], 351414519328800768: [19, 4], 439526254928986112: [109, 0], 353924395036704769: [6, 0], 404218890617618432: [54, 0], 353113995474894858: [2, 0], 275045197560414209: [40, 0], 409470110131027979: [21, 0], 281404141841022976: [17, 0], 330306296458903555: [1, 0], 431075290966392832: [1, 0], 238755062799663104: [4, 0], 330417562259030016: [2, 0]}
391970380878708740;{375598088850505728: [2, 0], 279568324260528128: [2, 1]}
425689705611526145;{279568324260528128: [62, 9], 382252818469355520: [96, 3], 439526254928986112: [1, 0], 375598088850505728: [50, 5], 298497913900892170: [64, 1], 238638761628532737: [34, 10], 380063749194776587: [37, 9], 351414519328800768: [7, 3], 293409943275569154: [2, 0], 327162664667054081: [3, 1], 387920768018939915: [1, 0], 281404141841022976: [57, 8], 409470110131027979: [6, 0], 431015194659913729: [2, 0], 117299525781159936: [11, 0], 275045197560414209: [28, 0], 439492001810087938: [2, 0], 452763489161707552: [6, 0], 431075290966392832: [3, 0], 404218890617618432: [19, 2], 442340296295055360: [7, 0], 398948403574341634: [2, 0], 317278538388471808: [10, 0], 451407027294437376: [1, 0], 438308325231165451: [1, 0], 425028004729716747: [4, 0], 199608793087082499: [10, 0], 238755062799663104: [3, 0], 278611007952257034: [21, 0], 416642312605663252: [15, 0], 391985549067419659: [1, 0]}
433374508217401357;{391985549067419659: [1304, 0], 380063749194776587: [132, 1], 346217320860876811: [27, 0], 238755062799663104: [2156, 3], 327162664667054081: [3, 0], 286216047122710538: [2, 0], 298497913900892170: [30, 0], 383333990184255489: [37, 2], 281404141841022976: [1398, 13], 382252818469355520: [16, 3], 330417562259030016: [6, 1], 431075290966392832: [3, 0], 279568324260528128: [2, 1]}
333918366865817608;{375598088850505728: [183, 4], 285341011163611138: [469, 17], 278611007952257034: [199, 0], 279568324260528128: [133, 13], 286216047122710538: [194, 0], 382252818469355520: [232, 15], 380063749194776587: [378, 5], 229245667124445184: [65, 0], 351414519328800768: [23, 0], 237960302694629388: [8, 0], 392766377078816789: [2, 0]}
424971576010604544;{382252818469355520: [724, 50], 291297938909691904: [85, 0], 298497913900892170: [603, 29], 375598088850505728: [232, 16], 286216047122710538: [8, 0], 279568324260528128: [229, 14], 238638761628532737: [185, 11], 351414519328800768: [41, 2], 380063749194776587: [210, 0], 327162664667054081: [184, 8], 439526254928986112: [139, 4], 404218890617618432: [89, 1], 391985549067419659: [78, 1], 238755062799663104: [244, 7], 281404141841022976: [307, 11], 275045197560414209: [14, 0], 409470110131027979: [24, 2], 358620807523598336: [4, 0], 293409943275569154: [12, 0], 330417562259030016: [1, 0], 431075290966392832: [12, 1], 117299525781159936: [2, 0], 438308325231165451: [3, 0], 452763489161707552: [12, 1], 278611007952257034: [2, 0], 416642312605663252: [114, 3]}
432249509666619403;{279568324260528128: [8, 2], 382252818469355520: [61, 0], 238638761628532737: [60, 0], 238755062799663104: [26, 0], 375598088850505728: [5, 0], 380063749194776587: [47, 0], 351414519328800768: [2, 0], 391985549067419659: [18, 0], 327162664667054081: [49, 0], 330417562259030016: [3, 0], 298497913900892170: [8, 0], 404218890617618432: [3, 0], 387920768018939915: [15, 0], 281404141841022976: [2, 0]}
438745169978851330;{279568324260528128: [240, 183], 231499325123854336: [26, 8], 392766377078816789: [7, 0], 455641632004505620: [28, 0]}
392742681786449922;{279568324260528128: [2, 0], 375598088850505728: [2, 1]}
404742654149263361;{285341011163611138: [101, 19], 286216047122710538: [16, 0], 380063749194776587: [18, 0], 375598088850505728: [13, 2], 382252818469355520: [14, 0], 278611007952257034: [29, 0], 279568324260528128: [6, 0], 229245667124445184: [3, 0], 351414519328800768: [1, 0]}
443313344980713473;{267040385468071938: [77, 0], 392367392673628160: [125, 0]}
433578115139371019;{382252818469355520: [79, 15], 351414519328800768: [8, 0], 375598088850505728: [1, 1], 281404141841022976: [1, 0]}
425272049909628928;{238638761628532737: [35, 0], 298497913900892170: [15, 0], 291297938909691904: [11, 0], 375598088850505728: [6, 0], 380063749194776587: [9, 0], 346217320860876811: [7, 0], 382252818469355520: [55, 0], 330417562259030016: [1, 0], 327162664667054081: [15, 0], 439526254928986112: [2, 0], 404218890617618432: [7, 0], 279568324260528128: [10, 0], 330306296458903555: [17, 0], 391985549067419659: [4, 1], 238755062799663104: [37, 0]}
356069284247765003;{286827468445319168: [154, 2], 375598088850505728: [67, 2], 278611007952257034: [90, 0], 279568324260528128: [277, 23], 435106807153819660: [24, 0], 231499325123854336: [13, 0]}
439337125738053642;{392367392673628160: [2, 0]}
439337907187220480;{392367392673628160: [23, 14], 267040385468071938: [3, 0], 279568324260528128: [8, 4]}
425323802382303235;{380063749194776587: [81, 0], 291297938909691904: [7, 0], 238638761628532737: [39, 0], 286216047122710538: [46, 0], 382252818469355520: [63, 4], 279568324260528128: [10, 0], 327162664667054081: [34, 0], 375598088850505728: [26, 0], 391985549067419659: [15, 0], 404218890617618432: [14, 0], 281404141841022976: [25, 7], 431075290966392832: [8, 0], 330417562259030016: [1, 0], 398948403574341634: [3, 0], 238755062799663104: [17, 1], 346217320860876811: [8, 0]}
439337657357828116;{392367392673628160: [33, 0], 279568324260528128: [15, 2], 282892699671986176: [1, 0], 267040385468071938: [9, 0], 3970695012433264
: [1, 0], 283961496755765250: [12, 0]}
427878844091858954;{298497913900892170: [153, 6], 382252818469355520: [235, 77], 375598088850505728: [45, 12], 238638761628532737: [63, 16], 279568324260528128: [220, 69], 351414519328800768: [7, 1], 380063749194776587: [4, 2], 439526254928986112: [12, 7], 327162664667054081: [15, 1], 404218890617618432: [29, 10], 391985549067419659: [42, 3], 281404141841022976: [152, 24], 330417562259030016: [8, 8], 409470110131027979: [10, 1], 293409943275569154: [2, 2], 392766377078816789: [1, 0], 431075290966392832: [8, 1], 117299525781159936: [2, 1], 238755062799663104: [36, 0], 317411645129490435: [1, 0], 317278538388471808: [3, 0], 353113995474894858: [1, 0], 199608793087082499: [3, 2], 416642312605663252: [1, 0]}
424950950877462529;{298497913900892170: [18, 0], 238638761628532737: [9, 0], 382252818469355520: [54, 7], 375598088850505728: [7, 0], 279568324260528128: [9, 0], 380063749194776587: [2, 0], 351414519328800768: [2, 0], 275045197560414209: [2, 0], 281404141841022976: [23, 9], 330417562259030016: [6, 0], 117299525781159936: [1, 0], 404218890617618432: [1, 0], 416642312605663252: [2, 0]}
425279874211643402;{238638761628532737: [152, 1], 327162664667054081: [57, 0], 382252818469355520: [121, 4], 298497913900892170: [104, 2], 375598088850505728: [25, 0], 279568324260528128: [26, 2], 380063749194776587: [19, 0], 409470110131027979: [20, 0], 281404141841022976: [18, 0], 404218890617618432: [14, 0], 439526254928986112: [20, 0]}
429395529273704469;{317411645129490435: [1, 0], 330306296458903555: [2, 0], 391985549067419659: [5, 0], 351641602067922945: [2, 0], 346217320860876811: [11, 0], 298497913900892170: [48, 3], 382252818469355520: [30, 6], 351414519328800768: [2, 0], 404218890617618432: [19, 1], 238638761628532737: [9, 0], 327162664667054081: [3, 0], 380063749194776587: [13, 0], 439526254928986112: [1, 0], 293409943275569154: [3, 3], 398948403574341634: [2, 0], 281404141841022976: [11, 3], 117299525781159936: [4, 0], 431075290966392832: [4, 0], 238755062799663104: [5, 0], 279568324260528128: [5, 0], 375598088850505728: [4, 0], 317278538388471808: [2, 0], 353113995474894858: [1, 0]}
444877291605196811;{286827468445319168: [22, 3], 375598088850505728: [14, 0], 278611007952257034: [26, 0], 279568324260528128: [111, 10], 281404141841022976: [151, 14], 231499325123854336: [12, 2]}
437232231816101898;{279568324260528128: [887, 570], 281404141841022976: [339, 81], 286827468445319168: [108, 37], 375598088850505728: [85, 20], 327162664667054081: [5, 1], 351414519328800768: [32, 1], 298497913900892170: [36, 3], 278611007952257034: [1, 0], 368110054571900949: [14, 4], 231499325123854336: [77, 28], 382252818469355520: [1, 1], 373072489351479298: [17, 2], 401697051559198730: [39, 22]}
438749996024856576;{279568324260528128: [35, 27]}
443331380596703232;{281404141841022976: [1, 0]}
439338008794365955;{392367392673628160: [2, 0]}
439337977366315009;{392367392673628160: [3, 1], 279568324260528128: [2, 0]}
415216921139740705;{283961496755765250: [1, 0], 238755062799663104: [1, 0], 383333990184255489: [1, 0], 367374331258470420: [1, 0], 375598088850505728: [1, 0], 278611007952257034: [2, 0]}
349677352743206913;{285341011163611138: [42, 3], 283961496755765250: [10, 0], 375598088850505728: [28, 1], 382252818469355520: [34, 1], 238755062799663104: [37, 0], 279568324260528128: [27, 5], 278611007952257034: [27, 0], 380063749194776587: [61, 0], 286216047122710538: [19, 0], 383333990184255489: [1, 0], 351414519328800768: [1, 0], 367374331258470420: [5, 0]}
399314221718044692;{285341011163611138: [21, 0], 283961496755765250: [15, 0]}
439180322886909972;{279568324260528128: [121, 96], 281404141841022976: [34, 9], 375598088850505728: [18, 15], 327162664667054081: [46, 44], 286827468445319168: [10, 2]}
425007719121158145;{351414519328800768: [26, 1], 375598088850505728: [4, 0], 382252818469355520: [14, 4], 279568324260528128: [30, 2], 327162664667054081: [1, 0], 275045197560414209: [2, 0], 281404141841022976: [3, 1], 298497913900892170: [7, 0]}
397449314328117260;{380063749194776587: [70, 0], 351414519328800768: [28, 0], 278611007952257034: [56, 0], 279568324260528128: [12, 2], 375598088850505728: [2, 0]}
397448171346984962;{351414519328800768: [55, 2], 382252818469355520: [29, 6], 279568324260528128: [27, 10], 375598088850505728: [5, 1], 278611007952257034: [38, 0], 380063749194776587: [55, 2], 435106807153819660: [18, 0]}
438970078336253962;{279568324260528128: [26, 21]}
392039800745623552;{409470110131027979: [61, 0], 375598088850505728: [39, 0], 351414519328800768: [1, 0], 382252818469355520: [70, 0], 281404141841022976: [42, 1], 279568324260528128: [80, 5], 278611007952257034: [52, 0], 401697051559198730: [5, 0], 238755062799663104: [25, 1], 373072489351479298: [21, 1], 332896499740442625: [5, 0], 293076681890201600: [1, 0], 196819801643941889: [1, 0]}
439497872363356166;{382252818469355520: [1, 0]}
445132930851930132;{375598088850505728: [2, 0], 286827468445319168: [1, 0]}
366530955613044736;{382252818469355520: [3, 3], 279568324260528128: [27, 27], 380063749194776587: [3, 2]}
445527465603891211;{375598088850505728: [5, 0], 286827468445319168: [1, 0]}
445600533047148564;{375598088850505728: [7, 0], 279568324260528128: [8, 4], 298497913900892170: [3, 0], 281404141841022976: [2, 1]}
391971445200257025;{382252818469355520: [9, 3], 351414519328800768: [7, 0], 380063749194776587: [4, 0], 238755062799663104: [8, 0], 281404141841022976: [31, 1], 278611007952257034: [58, 0], 375598088850505728: [2, 0], 373072489351479298: [1, 0], 196819801643941889: [2, 0], 279568324260528128: [11, 0]}
392015111247757313;{380063749194776587: [4, 0], 238755062799663104: [21, 1], 281404141841022976: [5, 3], 375598088850505728: [35, 11], 279568324260528128: [34, 24], 409470110131027979: [2, 0]}
385170986116579338;{285341011163611138: [33, 2], 278611007952257034: [11, 1], 375598088850505728: [2, 0], 380063749194776587: [6, 0], 382252818469355520: [1, 0]}
390581447888470016;{285341011163611138: [2, 0]}
393116580546084876;{279568324260528128: [10, 10]}
445969411573153793;{279568324260528128: [59, 42], 278611007952257034: [6, 0]}
388753996614991883;{285341011163611138: [5, 1]}
386958541526663179;{286216047122710538: [20, 0], 285341011163611138: [25, 11], 375598088850505728: [21, 0], 380063749194776587: [21, 0], 229245667124445184: [3, 0], 279568324260528128: [6, 1], 278611007952257034: [7, 0], 382252818469355520: [3, 0]}
400368447894323214;{285341011163611138: [5, 4], 380063749194776587: [2, 1]}
446013583717826578;{279568324260528128: [5, 0], 375598088850505728: [3, 0], 286827468445319168: [1, 0], 278611007952257034: [7, 0]}
410779789390118913;{279568324260528128: [2, 1], 375598088850505728: [2, 0], 382252818469355520: [2, 0]}
402870598428131328;{238755062799663104: [7, 0], 279568324260528128: [11, 0], 380063749194776587: [9, 0], 375598088850505728: [7, 0], 351414519328800768: [2, 0], 269222015301451776: [1, 0]}
417363359743213599;{238755062799663104: [111, 0], 382252818469355520: [29, 0], 375598088850505728: [11, 0], 281404141841022976: [72, 1]}
444623177247752233;{279568324260528128: [48, 46]}
443520756132085772;{281404141841022976: [7, 0]}
444623204108075008;{279568324260528128: [20, 15]}
444623108658298890;{279568324260528128: [51, 44]}
446778287243395102;{279568324260528128: [37, 3]}
446784505835945994;{281404141841022976: [251, 9], 439492001810087938: [88, 0]}
440110031720022027;{281404141841022976: [130, 32], 279568324260528128: [58, 8], 375598088850505728: [9, 0]}
446788441326485505;{279568324260528128: [14, 1]}
442322885097422858;{439492001810087938: [5, 0], 279568324260528128: [4, 1], 281404141841022976: [100, 16]}
447032704995950602;{279568324260528128: [254, 226], 375598088850505728: [7, 3], 327162664667054081: [50, 45], 281404141841022976: [146, 128], 278611007952257034: [126, 123], 298497913900892170: [9, 9], 231499325123854336: [155, 155], 373072489351479298: [21, 17], 397181270213525505: [24, 24], 401697051559198730: [109, 109], 286827468445319168: [1, 1]}
447066303736578058;{279568324260528128: [4, 4]}
447112847970009089;{279568324260528128: [245, 2], 281404141841022976: [174, 0], 278611007952257034: [53, 0], 327162664667054081: [82, 0], 286827468445319168: [6, 0], 298497913900892170: [3, 0]}
440852001677639690;{281404141841022976: [80, 74], 279568324260528128: [2, 1]}
358259392464027648;{279568324260528128: [32, 14], 375598088850505728: [15, 1], 286827468445319168: [5, 0]}
438726509860225024;{298497913900892170: [4, 0], 404218890617618432: [10, 0], 380063749194776587: [21, 0], 279568324260528128: [5, 0], 382252818469355520: [12, 6], 351414519328800768: [1, 0], 327162664667054081: [3, 0], 383333990184255489: [6, 0], 375598088850505728: [3, 0], 238755062799663104: [1, 0]}
422127386772111365;{286827468445319168: [17, 14]}
447373655454908418;{286827468445319168: [36, 32]}
362276648730755073;{286827468445319168: [45, 9]}
447383788993904640;{286827468445319168: [13, 12]}
430791016392425482;{382252818469355520: [77, 5], 279568324260528128: [112, 8], 327162664667054081: [89, 0], 298497913900892170: [238, 1]}
444510642188320769;{286827468445319168: [41, 19], 340084670853283841: [3, 2], 396361244136701972: [8, 1], 260799329231437826: [2, 1], 260013959711555586: [3, 1], 279568324260528128: [12, 7], 425333206389358602: [3, 2]}
425271016751628291;{327162664667054081: [41, 0], 382252818469355520: [73, 0], 404218890617618432: [4, 0], 238638761628532737: [18, 0], 380063749194776587: [41, 0], 286216047122710538: [12, 0], 375598088850505728: [1, 0], 281404141841022976: [2, 0]}
392760813062062081;{279568324260528128: [3, 0], 278611007952257034: [8, 0], 269222015301451776: [4, 0]}
447499776460587009;{286827468445319168: [3, 0]}
443021286927499279;{286827468445319168: [5, 1]}
447507738440761344;{286827468445319168: [39, 1], 279568324260528128: [18, 4], 278611007952257034: [1, 0]}
331081041001447437;{298497913900892170: [1, 0]}
402873724141043733;{269222015301451776: [3, 0]}
447811623114244096;{279568324260528128: [16, 7]}
362272596517191693;{396361244136701972: [6, 0], 286827468445319168: [25, 3], 340084670853283841: [31, 0], 260013959711555586: [1, 0], 260799329231437826: [3, 0], 279568324260528128: [18, 0]}
379308111774875650;{125722240896598016: [19, 12], 238755062799663104: [16, 4], 279568324260528128: [44, 14], 375598088850505728: [11, 1], 335074449483104258: [25, 15], 177000261233934336: [4, 1], 136176639175426048: [4, 0]}
448177496639143946;{279568324260528128: [8, 7], 238755062799663104: [14, 14], 375598088850505728: [8, 7]}
448215787724079104;{279568324260528128: [1, 1]}
435509410270412851;{298497913900892170: [4, 0], 279568324260528128: [18, 6], 238638761628532737: [6, 1], 382252818469355520: [5, 0], 327162664667054081: [8, 0], 275045197560414209: [2, 0], 281404141841022976: [7, 2], 409470110131027979: [2, 0], 375598088850505728: [5, 1], 387920768018939915: [3, 0], 439526254928986112: [3, 2], 404218890617618432: [2, 0], 391985549067419659: [1, 0], 238755062799663104: [7, 0], 117299525781159936: [2, 0], 416642312605663252: [1, 0]}
448508400561553409;{279568324260528128: [14, 4], 397181270213525505: [2, 0], 375598088850505728: [1, 0], 286827468445319168: [5, 0], 281404141841022976: [5, 1], 373072489351479298: [3, 2], 401697051559198730: [1, 0]}
362276617164423168;{286827468445319168: [3, 0]}
440110851186491393;{281404141841022976: [2, 0]}
448896090712834048;{279568324260528128: [29, 0], 375598088850505728: [3, 0]}
425330542955986944;{382252818469355520: [20, 9], 279568324260528128: [5, 0], 281404141841022976: [13, 3]}
448900054091300894;{279568324260528128: [3, 0]}
393118419656114177;{380063749194776587: [4, 0], 279568324260528128: [5, 0], 375598088850505728: [3, 0], 163959412937981952: [19, 0], 238755062799663104: [9, 0], 409470110131027979: [4, 0], 281404141841022976: [9, 0]}
449101984604225536;{281404141841022976: [1, 0]}
424920718350745600;{286827468445319168: [2, 0]}
398405631201116173;{279568324260528128: [29, 29]}
448569826374320129;{279568324260528128: [59, 14], 298497913900892170: [13, 1], 397181270213525505: [43, 6], 231499325123854336: [30, 1], 286827468445319168: [2, 1], 375598088850505728: [3, 1], 281404141841022976: [1, 0]}
449657350111100939;{279568324260528128: [2, 2]}
444502756737417217;{286827468445319168: [46, 36]}
444510666812817419;{286827468445319168: [1, 1]}
449864002374205450;{286827468445319168: [13, 12], 340084670853283841: [78, 77], 396361244136701972: [4, 1], 260799329231437826: [1, 1], 425333206389358602: [74, 74], 279568324260528128: [1, 1]}
449885996587417600;{286827468445319168: [3, 0]}
449885559800987648;{286827468445319168: [1, 0], 340084670853283841: [3, 0]}
449885757545644032;{286827468445319168: [1, 0]}
449885789329817600;{286827468445319168: [1, 0]}
449885841221877780;{286827468445319168: [2, 0], 340084670853283841: [9, 0]}
449885863262814209;{286827468445319168: [1, 0]}
449885912135106571;{286827468445319168: [1, 0]}
449885930677862402;{286827468445319168: [1, 0]}
449886105676808192;{286827468445319168: [1, 0]}
449885668110237696;{286827468445319168: [1, 0]}
449887712338509825;{286827468445319168: [2, 0]}
444510166281617449;{260013959711555586: [1, 0]}
424920003889070080;{286827468445319168: [1, 0]}
444510285332742144;{340084670853283841: [2, 0], 286827468445319168: [1, 0], 396361244136701972: [1, 0], 260799329231437826: [1, 0], 260013959711555586: [1, 0]}
449960794264698900;{409470110131027979: [13, 0], 279568324260528128: [17, 5], 382252818469355520: [6, 0], 373072489351479298: [6, 0], 332896499740442625: [8, 0], 281404141841022976: [5, 1], 375598088850505728: [4, 0], 452763489161707552: [1, 0], 238755062799663104: [2, 0]}
392760252811968512;{279568324260528128: [31, 1], 375598088850505728: [29, 0], 278611007952257034: [14, 0], 409470110131027979: [15, 0], 269222015301451776: [6, 0]}
450232153788252181;{382252818469355520: [9, 0], 439526254928986112: [17, 0], 298497913900892170: [16, 0]}
450332894368628747;{231499325123854336: [43, 7], 279568324260528128: [24, 5], 281404141841022976: [19, 0]}
391968999098810390;{279568324260528128: [1, 1]}
450043386280280074;{382252818469355520: [24, 0], 380063749194776587: [9, 0], 351414519328800768: [2, 0], 279568324260528128: [2, 0], 375598088850505728: [3, 0], 293409943275569154: [2, 0], 358620807523598336: [2, 0], 298497913900892170: [2, 0], 383333990184255489: [1, 0], 404218890617618432: [3, 0], 330306296458903555: [2, 0]}
450038817622065163;{382252818469355520: [47, 32], 279568324260528128: [33, 24], 293409943275569154: [4, 1], 298497913900892170: [11, 0]}
450008972792037381;{382252818469355520: [14, 1], 380063749194776587: [2, 0], 375598088850505728: [2, 0], 358620807523598336: [1, 0], 351414519328800768: [2, 0], 298497913900892170: [3, 0]}
450038188258492416;{382252818469355520: [5, 0]}
450038620452028428;{382252818469355520: [1, 0]}
451146115039887361;{382252818469355520: [2, 0]}
433383360258113549;{382252818469355520: [1, 1], 439526254928986112: [2, 2], 391985549067419659: [7, 7], 317278538388471808: [14, 12], 398948403574341634: [3, 3], 431075290966392832: [2, 0], 281404141841022976: [21, 20]}
447421148377120779;{238755062799663104: [52, 0], 382252818469355520: [33, 1], 375598088850505728: [7, 0], 327162664667054081: [10, 0], 298497913900892170: [29, 2], 238638761628532737: [18, 0], 281404141841022976: [9, 0], 380063749194776587: [18, 0], 330417562259030016: [1, 0], 404218890617618432: [2, 0], 317278538388471808: [3, 0], 431075290966392832: [1, 0], 358620807523598336: [3, 0], 279568324260528128: [1, 0]}
449938787209052160;{286827468445319168: [4, 0], 425333206389358602: [1, 0], 439706469252988942: [7, 2], 244845486094155776: [5, 0], 438699726607482881: [2, 1], 363425556693516289: [7, 0], 323139559246528512: [1, 1]}
450318286446526474;{425333206389358602: [9, 5], 286827468445319168: [1, 1], 439706469252988942: [4, 1], 323139559246528512: [1, 1], 363425556693516289: [1, 1], 438699726607482881: [2, 2]}
448915288805867523;{382252818469355520: [72, 1], 238638761628532737: [3, 0]}
449670538579935242;{425333206389358602: [33, 0], 439706469252988942: [20, 0], 244845486094155776: [12, 0], 330690594194325508: [7, 0]}
450310064696459284;{323139559246528512: [1, 0], 320651792360931329: [1, 0], 244845486094155776: [1, 0], 434220845330857985: [1, 0]}
449943880746401802;{439706469252988942: [46, 0], 363425556693516289: [26, 0], 425333206389358602: [31, 0], 244845486094155776: [74, 0], 323139559246528512: [7, 0], 286827468445319168: [14, 1], 406780843030478848: [5, 0], 438699726607482881: [30, 0], 346769123625402368: [2, 0], 348865416325758979: [1, 0]}
449665953350025228;{323139559246528512: [8, 0], 348865416325758979: [7, 0], 330690594194325508: [17, 0], 425333206389358602: [2, 0], 439706469252988942: [1, 0]}
450321414466306048;{286827468445319168: [5, 3], 439706469252988942: [1, 1], 438699726607482881: [2, 1]}
450314813755883550;{286827468445319168: [1, 0]}
449905532904669184;{286827468445319168: [5, 4], 244845486094155776: [9, 0], 425333206389358602: [34, 0], 439706469252988942: [18, 0], 438699726607482881: [10, 0], 310064238829764620: [1, 0], 363425556693516289: [4, 0], 330690594194325508: [4, 0], 323139559246528512: [3, 0], 177884132725096449: [1, 0]}
445256654863466498;{375598088850505728: [3, 0], 320953364387069954: [19, 6], 329287008683950081: [25, 13], 317712078129463298: [2, 0]}
445261114209468442;{329287008683950081: [41, 22]}
445262036775993345;{329287008683950081: [3, 0]}
445265835414650900;{329287008683950081: [1, 1], 320953364387069954: [2, 0]}
452558908071084043;{375598088850505728: [3, 1], 329287008683950081: [1, 0]}
393120228999168011;{409470110131027979: [2, 0], 375598088850505728: [11, 0], 163959412937981952: [20, 0], 279568324260528128: [2, 0], 238755062799663104: [3, 0]}
450321446649200650;{323139559246528512: [1, 0], 438699726607482881: [1, 0]}
452827631528837121;{279568324260528128: [17, 0], 125722240896598016: [14, 0], 278611007952257034: [2, 0], 382252818469355520: [5, 1], 409470110131027979: [6, 0]}
404562567592411136;{279568324260528128: [1, 0], 358620807523598336: [1, 0], 375598088850505728: [1, 0]}
427887965528915969;{397181270213525505: [12, 5]}
402586546663981067;{375598088850505728: [1, 0], 409470110131027979: [6, 0], 279568324260528128: [4, 0]}
453970701716684801;{320241279848153088: [67, 4], 292361468542713858: [29, 0], 286827468445319168: [28, 13]}
453971010618785804;{292361468542713858: [12, 4], 320241279848153088: [13, 5]}
453976252748005386;{292361468542713858: [76, 35], 320241279848153088: [89, 40]}
453953834289594369;{286827468445319168: [2, 1]}
453953557868314647;{286827468445319168: [3, 1], 292361468542713858: [34, 0], 320241279848153088: [33, 1]}
453984865973698580;{292361468542713858: [18, 0], 320241279848153088: [50, 2]}
453985612236718103;{292361468542713858: [1, 0], 320241279848153088: [8, 0]}
453985118239981592;{292361468542713858: [10, 0], 320241279848153088: [15, 0]}
453985424009068565;{320241279848153088: [17, 1], 292361468542713858: [7, 0]}
453985246040293376;{320241279848153088: [4, 0], 292361468542713858: [3, 0]}
450006257592696844;{279701162830200833: [3, 0], 439706469252988942: [12, 0], 425333206389358602: [2, 0], 323139559246528512: [1, 0], 244845486094155776: [2, 0], 348865416325758979: [1, 0], 363425556693516289: [3, 0]}
449891437958660097;{244845486094155776: [3, 0], 439706469252988942: [1, 0], 330690594194325508: [3, 0], 425333206389358602: [1, 0]}
355735449475743755;{163367030806937601: [1, 0]}
358924080751050753;{162969778699501569: [1, 1]}
438016276095565834;{162969778699501569: [11, 11]}
265156286406983680;{190551803669118976: [262, 7], 296044953576931328: [228, 2], 320067006521147393: [767, 0], 238066391301881856: [24, 3], 193714715631812608: [249, 0], 119799610670579714: [87, 0], 162780049869635584: [10, 2], 337024000330956811: [1, 0], 304000458144481280: [32, 0], 197448151064379393: [164, 0], 244285266947211264: [82, 0], 286166184402092042: [1, 0], 208497326078033920: [1, 1], 220625669032247296: [353, 2], 270457259065081856: [6, 0], 162969778699501569: [115, 2], 306018440639152128: [14, 1], 245419467843174401: [4, 0], 277616586175545345: [5, 0], 200390141825646593: [1, 0], 148242941658267649: [1, 0], 314165916264955904: [6, 0], 349031913375137794: [5, 1], 356139270446120960: [4, 0], 191272823170269184: [4, 0], 243568038543228928: [9, 0], 132941638040420352: [135, 17], 221381001476046849: [1, 0], 402316460325601292: [45, 0], 264692657370955777: [2, 0], 363880571614527488: [102, 2], 155882812241608704: [4, 0], 283147291131379713: [25, 3], 444572597632368640: [1, 1], 321268938728144906: [14, 0], 401946440332476426: [3, 0], 294129532531638272: [209, 0], 352901571543171074: [25, 2], 399419853829701633: [1, 0], 297433416998191127: [31, 1], 280158289667555328: [19, 4], 400194913498693642: [47, 0], 205602915040231425: [158, 0], 276057718354083860: [4, 0], 308533287721369600: [5, 0], 158311402677731328: [23, 1], 415570038175825930: [13, 0], 188418994527535104: [25, 4], 261634894428372992: [1, 0], 429199866657243146: [1, 0], 279550792774582272: [18, 0], 267207628965281792: [1, 0], 246574843460321291: [55, 0], 315804681152495616: [125, 0], 190775609532612608: [8, 0], 238307764189790212: [17, 2], 236627494764150784: [11, 0], 348847051074830358: [1, 1], 443292906476797952: [3, 0], 303943082108518400: [90, 1], 338623853318373386: [6, 0], 402557516728369153: [8, 0], 359794248570109972: [6, 1], 158750488563679232: [91, 1], 274887174443237377: [36, 1], 240526254770487296: [56, 1], 175589848982355978: [75, 0], 255188888400822272: [21, 1], 437581259787468801: [1, 0], 155134020835999745: [93, 0], 304541381798658048: [11, 0], 284122164582416385: [13, 0], 244165871562391552: [1, 0], 325260517256069121: [9, 1], 244370207190024193: [1, 0], 66166172835385344: [11, 0], 359430603076272129: [1, 1], 410453337964806144: [4, 1], 398969575158579200: [6, 2], 221288171013406720: [149, 1], 185938944460980224: [5, 0], 284993716027129857: [1, 0], 415503006327635968: [1, 0], 99787644430475264: [1, 0], 451235199355846656: [36, 0], 336202660715954177: [13, 3], 138657194986962945: [1, 0], 267670678050832384: [4, 0], 231316535719755776: [24, 0], 274883242090561537: [17, 0], 254652876952043521: [2, 0], 102108573298851840: [1, 0], 169275259026014208: [17, 0], 194259969359478784: [2, 0], 374859398960513025: [92, 3], 419243569820336130: [16, 1], 340287050748264449: [2, 0], 295980401560649730: [4, 2], 392151500929105920: [13, 0], 369118124471222274: [1, 0], 387043512232968193: [16, 10], 205427219093258240: [1, 0], 436242752691503114: [2, 0], 361132610031714305: [9, 5], 359676835497508876: [20, 0], 286756561848762378: [8, 0], 403731713567490059: [1, 1], 270133511325876224: [31, 0], 247741991310327810: [9, 0], 415559184445079562: [43, 3], 408956146427101195: [1, 1], 337909123515678720: [1, 0], 421628177019043840: [10, 0], 429118689367949322: [1, 0], 86477779717066752: [1, 0], 219250439483424768: [3, 0], 372066491132149761: [1, 0], 180112943612952577: [3, 0], 281412467484000266: [5, 0], 354903160567103488: [1, 1], 311435379595149312: [1, 0], 250662753541423115: [4, 2], 456069371492564993: [14, 0], 339234478528659458: [2, 1], 334095574674571264: [7, 0], 182245310024777728: [2, 0], 244508568517083136: [3, 0], 227578898521653249: [9, 0], 400318415887138818: [2, 0], 180314310298304512: [11, 6], 423982668481298434: [5, 5], 341076015663153153: [3, 0], 77070795444072448: [1, 0], 146336988595748864: [4, 0], 211649732890722304: [7, 0], 236279900728721409: [17, 0], 357287906882224130: [2, 2], 112952240746086400: [1, 1], 258769251547086849: [27, 0], 257521982021566464: [158, 15], 190513283952803840: [10, 0], 441314122114793472: [2, 0], 412299115884707841: [1, 1], 341178886362759168: [3, 3], 282504900552949760: [6, 2], 450241616331145217: [1, 0], 341822915957751820: [11, 0], 269517524683456513: [1, 0], 216278639354970112: [9, 1], 454381016123965440: [6, 0], 410168467409469460: [4, 0], 174686142485102603: [1, 0], 418613954193915904: [1, 0], 356091260429402122: [1, 0], 444454206800396309: [46, 0], 370300900134354965: [5, 0], 290921387655430144: [2, 1], 398197113495748626: [7, 0], 210542490539786240: [19, 0], 290987314421956608: [1, 0], 422957901716652033: [1, 0], 184632227894657025: [1, 0], 293883974747684874: [2, 1], 361951318929309707: [53, 0], 434380088046518302: [3, 1], 202021098370498560: [5, 0], 113462564217683968: [4, 0], 310296184436817930: [1, 0], 239790360728043520: [3, 0], 170531778354741248: [2, 0], 373042809864978433: [7, 0], 231733082804322304: [1, 0], 366582685310910464: [1, 1], 177098244407558145: [4, 0], 422519996560834572: [7, 0], 393041441301200896: [71, 0], 284470013082075139: [38, 21], 283862626520399872: [4, 0], 456472885968633857: [1, 0], 369822856432975873: [2, 0], 400683463394590720: [1, 0], 373965085283975171: [1, 0], 142543665032724481: [5, 0], 81385189875388416: [1, 0], 146048938242211840: [6, 0], 206478287902343169: [1, 1], 252779011908960256: [1, 0], 189769721653100546: [2, 0], 395236087364190218: [1, 0], 360908660727087107: [1, 0], 203075600930439169: [2, 0], 197480367593095168: [4, 0], 361250137575522304: [1, 1], 448237321767092224: [1, 0], 439373663905513473: [13, 0], 292065674338107393: [3, 0], 262238243875979265: [7, 2], 253275397444206594: [14, 1], 439889948070641674: [12, 0], 213057020390146048: [1, 0], 262296756811857920: [1, 0], 249521750465970177: [12, 0], 116293018742554625: [1, 0], 244489368717230090: [1, 0], 176814930605899778: [1, 0]}
325648177178869760;{296044953576931328: [9, 0], 389950412465373194: [8, 0], 190551803669118976: [19, 0], 246574843460321291: [5, 0], 286166184402092042: [8, 0], 227578898521653249: [4, 0], 162969778699501569: [8, 0], 184632227894657025: [3, 0], 66166172835385344: [11, 0], 297433416998191127: [3, 0], 95579865788456960: [3, 0], 81385189875388416: [2, 0], 284122164582416385: [4, 0]}
264445053596991498;{220271040658407424: [325, 0], 66166172835385344: [314, 0], 269132764576481282: [32, 0], 296044953576931328: [301, 0], 116930717241311236: [112, 0], 286166184402092042: [115, 0], 190590364871032834: [34, 0], 268081508068229120: [397, 1], 197448151064379393: [28, 0], 270133511325876224: [251, 0], 211649732890722304: [9, 0], 289879683099787265: [1, 0], 162780049869635584: [54, 0], 440617663446777856: [36, 0], 284122164582416385: [135, 0], 246574843460321291: [127, 0], 110111642343202816: [29, 0], 389950412465373194: [162, 0], 138302166619258880: [82, 0], 369954592873775116: [1, 0], 306018440639152128: [30, 0], 180339602798804992: [62, 0], 244285266947211264: [16, 0], 227578898521653249: [159, 0], 225391805737336833: [58, 0], 369665505801404416: [15, 0], 193714715631812608: [18, 0], 400194913498693642: [41, 0], 284470013082075139: [1, 0], 338025459654590465: [20, 0], 418613954193915904: [48, 0], 387043512232968193: [144, 0], 140149699486154753: [22, 0], 444572597632368640: [2, 0], 201077739589992448: [5, 0], 122636185901203456: [47, 0], 97122523086340096: [1, 0], 445266641954275328: [2, 0], 243568038543228928: [52, 0], 190551803669118976: [439, 0], 236585163021090816: [9, 0], 276544649148235776: [11, 0], 261281931822497794: [1, 0], 283147291131379713: [5, 0], 240526254770487296: [118, 0], 210542490539786240: [40, 0], 203111290212843520: [12, 0], 173439637388263425: [14, 0], 185938944460980224: [39, 0], 333015144823128086: [2, 0], 231158069969551362: [26, 0], 275673715453329408: [1, 0], 237378015141691392: [113, 0], 362315641161515008: [21, 0], 129908908096487424: [1, 0], 415570038175825930: [76, 0], 280158289667555328: [165, 0], 231085410988589056: [60, 1], 302818741115158530: [1, 0], 255188888400822272: [46, 0], 276057718354083860: [4, 0], 162969778699501569: [16, 0], 228078020970283009: [12, 0], 397080945569824768: [4, 0], 443292906476797952: [2, 0], 424721898992304138: [1, 0], 319368719492972547: [5, 0], 239790360728043520: [52, 0], 419936204117770241: [4, 0], 247741991310327810: [92, 1], 238307764189790212: [17, 0], 102038103463567360: [55, 0], 146048938242211840: [39, 0], 272689325521502208: [114, 0], 370300900134354965: [11, 0], 297433416998191127: [221, 0], 150542592172490752: [1, 0], 170531778354741248: [2, 0], 416776535643652097: [1, 0], 312145496179474434: [36, 0], 356139270446120960: [1, 0], 271656317758734336: [4, 0], 419472407816830986: [5, 0], 349909274094469120: [1, 0], 303943082108518400: [13, 0], 184632227894657025: [61, 0], 426471752877604874: [1, 0], 121001195002265600: [2, 0], 338623853318373386: [55, 0], 292065674338107393: [7, 0], 95579865788456960: [45, 0], 176814930605899778: [44, 0], 222882552472535041: [3, 0], 270278707615105024: [1, 0], 274887174443237377: [12, 0], 296750415964274689: [1, 0], 359794248570109972: [4, 0], 369118124471222274: [1, 0], 294115467440685056: [1, 0], 286270602820452353: [31, 0], 263317734945718272: [3, 0], 402557516728369153: [8, 0], 190513283952803840: [24, 0], 205288012165283840: [26, 0], 437581259787468801: [1, 0], 336492042299637771: [2, 0], 180314310298304512: [46, 0], 391503286475161600: [3, 0], 130769947583447040: [18, 0], 261674810914897931: [2, 0], 325260517256069121: [1, 0], 348519724646268929: [3, 0], 402901417322479616: [2, 0], 142543665032724481: [4, 0], 145557815287611393: [37, 0], 202159988666400769: [1, 0], 400710074168901633: [3, 0], 350013809311744001: [2, 0], 448108374458892298: [1, 0], 451803386149601281: [16, 0], 101496561460060160: [3, 0], 315452225600356352: [17, 0], 190175637271478273: [1, 0], 455309671599833090: [2, 0], 192230467519512576: [202, 0], 369478747725889536: [11, 0], 341178886362759168: [6, 0], 111230045850181632: [6, 0], 272057150459609088: [18, 0], 81385189875388416: [98, 0], 308533287721369600: [1, 0], 274352308874117131: [1, 0], 246478140132687872: [2, 0], 257521982021566464: [8, 0], 155867458203287552: [9, 0], 369615719597473802: [23, 0], 374859398960513025: [1, 0], 390375671853088768: [9, 0], 132941638040420352: [21, 1], 158750488563679232: [62, 0], 220625669032247296: [33, 0], 238066391301881856: [4, 0], 425004634587791380: [14, 0], 419243569820336130: [61, 0], 222554302793646083: [6, 0], 340287050748264449: [19, 1], 434902118470516737: [3, 0], 123170274651668480: [1, 0], 334095574674571264: [8, 0], 297320278789193728: [3, 0], 104425482757357568: [6, 0], 352901571543171074: [2, 0], 202560559046983681: [1, 0], 215764804550262784: [7, 0], 436242752691503114: [9, 0], 155134020835999745: [85, 0], 411037285526667275: [11, 0], 131235236402036736: [2, 0], 231658954831298560: [79, 0], 360973689283674112: [6, 1], 288490026772201472: [7, 0], 389852573751836673: [1, 0], 372142084380950529: [1, 0], 426150785836122133: [2, 0], 274883242090561537: [29, 0], 364948564557824002: [2, 0], 408956146427101195: [8, 0], 279550792774582272: [1, 0], 195623776879247360: [1, 0], 292239993953320960: [1, 0], 378567835691122698: [1, 0], 250726367849611285: [2, 0], 441215338009591808: [1, 0], 432187808497795072: [7, 0], 166258136368414720: [2, 0], 429118689367949322: [11, 0], 350095969410613248: [3, 0], 315801322974740482: [3, 0], 315804681152495616: [71, 0], 304000458144481280: [1, 0], 370331424005423105: [91, 0], 116013677060161545: [84, 2], 422957901716652033: [1, 0], 221688893408411648: [1, 0], 456069371492564993: [43, 0], 295356738968879104: [1, 0], 136549806079344640: [13, 0], 372931332239654912: [14, 0], 371957662553866240: [1, 0], 431446551752212490: [17, 0], 174538373371920384: [11, 0], 394483792393404457: [18, 0], 367330084337745920: [16, 0], 172571295077105664: [2, 0], 327491264503349279: [7, 0], 277869712459825153: [3, 0], 182245310024777728: [47, 0], 287704540810182657: [35, 0], 245877990938902529: [20, 0], 400318415887138818: [2, 0], 297403616468140032: [1, 0], 177098244407558145: [9, 0], 417420983352426506: [10, 0], 322126476096831499: [1, 0], 432555660689801233: [4, 0], 188418994527535104: [3, 0], 427040024513609729: [3, 0], 394402252498010113: [32, 0], 180093157554388993: [8, 0], 165514073776062464: [1, 0], 295612607841173505: [3, 0], 325620784359931904: [2, 0], 381468795782430730: [1, 0], 310853886191599616: [6, 0], 357287906882224130: [9, 0], 376008691087966209: [2, 0], 375321008514531328: [1, 0], 119153995229954048: [1, 0], 322435182902771714: [2, 0], 208595993833242625: [2, 0], 357637024141803520: [5, 0], 340319414345793546: [7, 0], 405531329091076097: [8, 0], 290206464423755796: [1, 0], 455804956675670018: [6, 0], 357935158038495234: [49, 0], 384267923948306433: [1, 0], 422575911435501588: [1, 0], 246455882089627658: [2, 0], 146011780630446080: [1, 0], 324411190396715010: [1, 0], 409553144490622976: [7, 0], 450468225101201421: [1, 0], 301809547989745666: [1, 0], 437030050076950529: [5, 0], 320410308197744640: [28, 0], 229552088525438977: [9, 1], 165171907237249024: [1, 0], 278805875978928128: [2, 0], 169146903462805504: [2, 0], 334254548841398275: [7, 0], 450208509234249730: [3, 0], 439567582237032448: [22, 0], 312644546989129729: [1, 0], 270431987926433804: [1, 0], 445264020891762689: [2, 0], 274468966251102208: [8, 0], 236952680201715714: [7, 0], 452091709329899530: [1, 0], 202021098370498560: [3, 0], 290751998322671617: [2, 0], 291221132256870400: [40, 0], 444590333502685184: [1, 0], 310296184436817930: [5, 0], 373042809864978433: [18, 0], 113462564217683968: [7, 0], 411078427139899392: [12, 0], 307599501034520577: [35, 0], 151028268856770560: [3, 0], 351023104434372608: [1, 1], 412610137832816640: [30, 0], 270931151235842058: [1, 0], 434863205395726345: [5, 0], 331578589545889804: [1, 0], 289028991069978624: [36, 0], 271103683951984650: [2, 0], 366582685310910464: [11, 1], 180112943612952577: [1, 0], 95624828756701184: [12, 0], 422873744915038209: [6, 0], 440314516149108736: [31, 0], 401482096834510869: [1, 0], 404703014369361922: [2, 0], 335529029929271298: [3, 0], 456472885968633857: [1, 0], 231733082804322304: [7, 0], 417693772395184130: [2, 0], 142680738645409794: [3, 0], 369822856432975873: [14, 0], 373965085283975171: [13, 0], 393041441301200896: [9, 0], 360908660727087107: [1, 0], 422090400095010817: [4, 0], 344095732787052584: [3, 0], 138481382794985472: [6, 0], 283862626520399872: [4, 0], 242201856980287490: [1, 0], 453276805168627723: [32, 0], 423141488323592192: [1, 0], 240115045193875456: [2, 0], 81283681368416256: [30, 0], 416324336303996948: [1, 0], 140493188195549184: [7, 0], 266277541646434305: [11, 0], 439373663905513473: [52, 0], 442457249948893185: [1, 0], 298795238955155458: [11, 0], 312324337011130368: [1, 0], 353963857548541972: [2, 0], 422519996560834572: [1, 0], 336869008148135948: [1, 0], 140516693242937345: [6, 0], 456243550720491541: [1, 0], 262296756811857920: [1, 0], 383778287257780226: [1, 0], 77070795444072448: [1, 0], 441623207754334219: [1, 0], 190916650143318016: [5, 0], 201385953816870912: [1, 0], 428048287203852300: [1, 0]}
385837258768515083;{116930717241311236: [69, 0], 286166184402092042: [215, 0], 296044953576931328: [49, 0], 66166172835385344: [522, 0], 270133511325876224: [198, 0], 162780049869635584: [21, 0], 220271040658407424: [248, 0], 440617663446777856: [34, 0], 418613954193915904: [123, 0], 138302166619258880: [255, 0], 389950412465373194: [131, 1], 284122164582416385: [404, 0], 246574843460321291: [166, 0], 130769947583447040: [2, 0], 110111642343202816: [7, 0], 244285266947211264: [2, 0], 255188888400822272: [21, 0], 225391805737336833: [263, 0], 268081508068229120: [276, 2], 190551803669118976: [251, 0], 210542490539786240: [43, 0], 140149699486154753: [10, 0], 283147291131379713: [4, 0], 184632227894657025: [23, 0], 111230045850181632: [6, 0], 297433416998191127: [184, 0], 231085410988589056: [98, 1], 122636185901203456: [6, 0], 203111290212843520: [4, 0], 239790360728043520: [65, 0], 243568038543228928: [5, 0], 102038103463567360: [157, 0], 95579865788456960: [137, 0], 415570038175825930: [14, 0], 449600894800232478: [1, 0], 315804681152495616: [3, 0], 142408079177285632: [1, 0], 387043512232968193: [42, 0], 319368719492972547: [1, 0], 238307764189790212: [1, 0], 286270602820452353: [35, 0], 142543665032724481: [10, 0], 175589848982355978: [2, 0], 176814930605899778: [94, 0], 227578898521653249: [113, 0], 445745225583951886: [8, 0], 400710074168901633: [2, 0], 247741991310327810: [64, 0], 192230467519512576: [245, 0], 402557516728369153: [9, 0], 81385189875388416: [48, 0], 254652876952043521: [1, 0], 145557815287611393: [11, 0], 237378015141691392: [38, 0], 374859398960513025: [2, 0], 400194913498693642: [16, 0], 439889948070641674: [20, 0], 338025459654590465: [1, 0], 425004634587791380: [4, 0], 220625669032247296: [17, 0], 334095574674571264: [1, 0], 231658954831298560: [1, 0], 418893540794302474: [16, 0], 180314310298304512: [2, 0], 219250439483424768: [2, 0], 254036166108512257: [4, 0], 116013677060161545: [5, 0], 295356738968879104: [1, 0], 431446551752212490: [31, 0], 456069371492564993: [15, 0], 312145496179474434: [19, 0], 280158289667555328: [29, 0], 155134020835999745: [42, 0], 400318415887138818: [45, 0], 240526254770487296: [59, 0], 369615719597473802: [1, 0], 417420983352426506: [6, 0], 432956416949485568: [1, 0], 158158704993107968: [1, 0], 394402252498010113: [1, 0], 294115467440685056: [1, 0], 185938944460980224: [2, 0], 381468795782430730: [2, 0], 272689325521502208: [13, 0], 357637024141803520: [3, 0], 334254548841398275: [3, 0], 357935158038495234: [57, 0], 237429727009177600: [4, 0], 320410308197744640: [1, 0], 437030050076950529: [4, 0], 370300900134354965: [2, 0], 439567582237032448: [3, 0], 229552088525438977: [4, 0], 274468966251102208: [1, 0], 113462564217683968: [11, 0], 411078427139899392: [1, 0], 448259632348266507: [1, 0], 263750456944230400: [2, 0], 427455466784686080: [2, 0], 373042809864978433: [1, 0], 335529029929271298: [110, 1], 190590364871032834: [4, 0], 122739797646245899: [2, 0], 188418994527535104: [5, 0], 325591304958377984: [1, 0], 169275259026014208: [1, 0], 158750488563679232: [1, 0], 180093157554388993: [3, 0], 456472885968633857: [1, 0], 417693772395184130: [2, 0], 284470013082075139: [1, 0], 172571295077105664: [8, 0], 323486908330278912: [1, 0], 386232792478121985: [1, 0], 283862626520399872: [5, 0], 231733082804322304: [1, 0], 177098244407558145: [1, 0], 221288171013406720: [1, 0], 423141488323592192: [3, 0], 140493188195549184: [3, 0], 81283681368416256: [11, 0], 193714715631812608: [2, 0], 405912698077839390: [19, 0], 266277541646434305: [25, 1], 312324337011130368: [2, 0], 439373663905513473: [24, 0], 213057020390146048: [1, 0], 384267923948306433: [7, 0], 225435166552752137: [2, 0], 278635256377245697: [1, 0]}
412006692125933568;{210600090216300544: [2, 0], 403966654272372747: [1, 0], 247741991310327810: [1, 0], 400710074168901633: [3, 0], 244508568517083136: [4, 0], 210542490539786240: [2, 0], 182245310024777728: [2, 0], 350693623693836288: [10, 0], 190551803669118976: [3, 0], 66166172835385344: [4, 0], 95579865788456960: [10, 0], 296044953576931328: [9, 0], 219250439483424768: [1, 0], 239790360728043520: [2, 0], 283862626520399872: [18, 0], 272689325521502208: [1, 0], 180314310298304512: [2, 0], 270133511325876224: [3, 0], 111230045850181632: [9, 0], 113462564217683968: [14, 0], 386232792478121985: [1, 0], 170531778354741248: [4, 0], 140493188195549184: [1, 0]}
272764566411149314;{211649732890722304: [22, 0], 296044953576931328: [64, 0], 220271040658407424: [72, 0], 415570038175825930: [28, 0], 210600090216300544: [28, 0], 162780049869635584: [3, 0], 269132764576481282: [50, 0], 270133511325876224: [7, 0], 370300900134354965: [6, 0], 284122164582416385: [34, 0], 314165916264955904: [4, 0], 244285266947211264: [1, 0], 387043512232968193: [31, 0], 180339602798804992: [12, 0], 443292906476797952: [19, 0], 268081508068229120: [76, 0], 190551803669118976: [44, 0], 183601072344924160: [2, 0], 210542490539786240: [20, 0], 239790360728043520: [37, 0], 247741991310327810: [34, 0], 246574843460321291: [40, 0], 243568038543228928: [16, 0], 128279441242718208: [22, 0], 403966654272372747: [8, 0], 240115045193875456: [3, 0], 425644988487958528: [2, 0], 308707063993860116: [4, 0], 349909274094469120: [14, 0], 175589848982355978: [1, 0], 250811963334983683: [10, 0], 336492042299637771: [5, 0], 402557516728369153: [14, 0], 400710074168901633: [1, 0], 182245310024777728: [14, 0], 66166172835385344: [37, 0], 240526254770487296: [15, 0], 213248328035467264: [7, 0], 237378015141691392: [5, 0], 453224699049017344: [2, 0], 374859398960513025: [11, 0], 246478140132687872: [19, 0], 158750488563679232: [22, 0], 77070795444072448: [6, 0], 197448151064379393: [14, 0], 217766713343737858: [9, 0], 192230467519512576: [27, 0], 283147291131379713: [3, 0], 320067006521147393: [5, 0], 350693623693836288: [22, 0], 220625669032247296: [37, 0], 193714715631812608: [13, 0], 390375671853088768: [26, 0], 400194913498693642: [38, 0], 340287050748264449: [4, 1], 231158069969551362: [82, 0], 111230045850181632: [5, 0], 180314310298304512: [13, 0], 274883242090561537: [7, 0], 190590364871032834: [1, 0], 307599501034520577: [9, 0], 448237321767092224: [48, 0], 251351879408287744: [2, 0], 286270602820452353: [1, 0], 419472407816830986: [1, 0], 231733082804322304: [17, 0], 312145496179474434: [1, 0], 219250439483424768: [31, 0], 425004634587791380: [6, 0], 303274633707126796: [6, 0], 180112943612952577: [22, 0], 422575911435501588: [16, 0], 450468225101201421: [2, 0], 297433416998191127: [4, 0], 184632227894657025: [1, 0], 369681293296009216: [5, 0], 236952680201715714: [2, 0], 291221132256870400: [76, 0], 373042809864978433: [7, 0], 113462564217683968: [72, 0], 286166184402092042: [2, 0], 440314516149108736: [11, 0], 404703014369361922: [18, 0], 236611238103089152: [4, 0], 229441616555802624: [1, 0], 373965085283975171: [2, 0], 148899587283877888: [1, 0], 447856788885471242: [13, 0], 386232792478121985: [1, 0], 145557815287611393: [1, 0], 272689325521502208: [1, 0], 99787644430475264: [1, 0], 255188888400822272: [2, 0], 257521982021566464: [3, 0], 283862626520399872: [6, 0], 102038103463567360: [1, 0], 213057020390146048: [4, 0], 309081957604786176: [1, 0], 140493188195549184: [3, 0], 140516693242937345: [6, 0]}
265156361791209475;{260262911983747072: [1, 0], 289879683099787265: [1, 0], 341178886362759168: [1, 0], 277469969107648513: [1, 0], 352615395733143553: [1, 0], 235437004173737984: [1, 0], 298571460736450560: [1, 0], 424370117657362443: [1, 0], 341306788655792128: [3, 0], 162780049869635584: [5, 0], 411756465888690176: [1, 0], 430729334886760448: [2, 0], 406154231679025173: [1, 0], 244869474572959756: [1, 0], 322146140730687488: [1, 0], 245419467843174401: [2, 0], 292821168833036288: [2, 0], 231158069969551362: [2, 2], 201523656218640394: [1, 0], 255188888400822272: [7, 1], 348847051074830358: [1, 0], 328779138653487105: [1, 0], 270278707615105024: [1, 0], 424406834497978368: [1, 0], 416044843744362496: [1, 0], 218500275818856449: [1, 0], 419671324122808340: [1, 0], 369253610015424513: [1, 0], 273216249021071360: [1, 0], 333015144823128086: [1, 0], 429039445946269726: [1, 0], 320213952216694795: [1, 0], 302959385246695445: [1, 0], 173262245231460352: [2, 0], 155882812241608704: [1, 0], 111230045850181632: [6, 0], 419936204117770241: [1, 0], 155530141303439361: [1, 0], 355935414311321610: [1, 0], 455602562448490496: [1, 0], 303407757137018882: [1, 0], 237254944774815745: [1, 0], 352901571543171074: [1, 0], 315001675544788992: [1, 0], 399419853829701633: [1, 0], 438704436697759744: [1, 0], 374718612277166080: [1, 0], 381132124998205448: [1, 0], 454383822474051595: [1, 0], 246478140132687872: [1, 0], 212691633324425217: [1, 0], 417148652075745283: [1, 0], 302818741115158530: [1, 0], 222123433109094401: [1, 0], 242987875904389121: [1, 0], 364948564557824002: [2, 0], 323921244950888448: [1, 0], 253148678070468608: [1, 0], 246272154264403968: [1, 0], 345127023863267328: [1, 0], 336526425588760576: [1, 0], 449623770403962890: [1, 0], 366062935640113153: [1, 0], 455562176720011274: [1, 0], 280252654230437888: [1, 0], 426631101935648769: [1, 0], 375254222859403266: [1, 0], 310258983359348737: [1, 0], 293078258793054209: [1, 0], 443961507051601931: [1, 0], 242994729459908609: [1, 0], 437673188428742660: [1, 0], 283657599818399744: [1, 0], 432187808497795072: [1, 0], 422329870161281037: [1, 0], 403966654272372747: [1, 0], 277422871230414848: [1, 0], 361880887476092930: [3, 3], 349909274094469120: [1, 0], 388587213228736512: [1, 0], 204183950711586817: [1, 0], 405887989416460289: [1, 0], 263255679580504064: [1, 0], 312644546989129729: [1, 0], 350095969410613248: [5, 4], 262296756811857920: [12, 9], 401343603013582848: [1, 0], 238363873038696448: [1, 0], 419472407816830986: [1, 0], 333404709387763713: [1, 0], 455718320310583297: [1, 0], 443137499368521730: [1, 0], 338623853318373386: [3, 0], 121001195002265600: [1, 0], 297416972197560320: [1, 0], 370919850337501185: [1, 0], 287699479954587648: [1, 0], 372034980806656010: [1, 0], 253865693190029312: [2, 1], 231085410988589056: [1, 0], 233236241779392513: [1, 0], 399207497207906306: [1, 0], 455651200134676492: [1, 0], 192230467519512576: [1, 0], 293883974747684874: [2, 0], 446701928345370625: [1, 0], 399110925866631179: [1, 0], 455750791358054410: [1, 0], 426043467047632896: [1, 0], 295535223616176130: [1, 0], 432190037938012203: [1, 0], 437581259787468801: [1, 0], 236789829856133120: [1, 0], 400091490585411584: [1, 0], 208659391417679872: [1, 0], 321591930918010881: [1, 0], 274737314586951681: [1, 0], 341786455670259713: [1, 0], 324637451698176010: [1, 0], 416702601845800961: [1, 0], 415128977280204802: [1, 0], 299518472218738688: [1, 0], 443558626389655562: [1, 0], 449508184827232256: [1, 0], 455571574406512641: [1, 0], 344102049434173440: [1, 0], 453297966577483776: [1, 0], 400710074168901633: [1, 0], 197639021973733376: [1, 0], 398552502867329024: [1, 0], 451803386149601281: [1, 0], 200673367697784832: [1, 0], 353715224051712001: [1, 0], 190183362294579211: [1, 0], 359430603076272129: [1, 0], 250662753541423115: [1, 0], 410453337964806144: [1, 0], 327180363149606933: [1, 0], 66166172835385344: [1, 0], 398969575158579200: [1, 0], 405195108309401602: [1, 0], 451235199355846656: [1, 0], 405807127794548745: [1, 0], 113425473505099776: [1, 0], 158750488563679232: [2, 2], 254652876952043521: [1, 0], 320321880072388609: [1, 0], 238017566335959040: [1, 0], 403626817589739531: [1, 0], 274883242090561537: [8, 0], 217193618371248128: [1, 0], 455801484614041605: [1, 0], 455726249084583936: [1, 0], 245877990938902529: [1, 0], 350769707059511296: [1, 0], 376250172134391810: [1, 0], 323845035562893312: [1, 0], 356659167450234881: [1, 0], 194259969359478784: [3, 0], 233686695688536074: [1, 0], 359049726030774302: [1, 0], 197448151064379393: [1, 1], 257521982021566464: [2, 0], 444126139951087626: [1, 0], 290440116521009152: [1, 0], 311659683083452417: [1, 0], 272001501973577728: [1, 0], 374859398960513025: [6, 0], 329531307401150465: [1, 0], 252882712149491712: [1, 0], 410520691839074315: [1, 0], 410599481243860993: [5, 0], 340266616908414976: [1, 0], 132941638040420352: [4, 3], 439814457380831232: [1, 0], 397977377273282571: [1, 0], 361863186900582411: [3, 0], 239790313378545666: [1, 0], 455836315498577940: [1, 0], 309042181564399618: [1, 0], 401760501387755520: [1, 0], 276153221704187914: [1, 0], 400156206825734166: [1, 0], 157576246413230080: [1, 0], 443671367267778572: [1, 0], 401529745562533888: [1, 0], 227578898521653249: [3, 0], 403226607894003712: [1, 0], 237227608415141888: [1, 0], 238066391301881856: [44, 12], 451088756582121492: [1, 0], 415481321054535691: [1, 0], 387759150568046593: [2, 0], 326602206923063298: [1, 0], 378275794990006272: [1, 0], 436222518299459594: [1, 0], 268176156044296193: [1, 0], 424577553777557505: [1, 0], 372833678965080066: [2, 0], 451908341510438913: [1, 0], 358027295622955008: [1, 0], 434902118470516737: [1, 0], 226253058349334528: [1, 0], 392081749158395904: [1, 0], 144319891791544320: [1, 0], 422674773735112704: [1, 0], 398228296241774603: [1, 0], 348310442730323969: [1, 0], 455886401880326144: [1, 0], 455530770484822017: [1, 0], 297320278789193728: [1, 0], 334095574674571264: [3, 0], 405711013246402560: [1, 0], 407370518778347532: [3, 0], 323623236409491456: [1, 0], 395165525245820928: [2, 0], 407218997193605120: [2, 0], 281878849946648576: [1, 0], 405189630812487681: [2, 0], 386353070029930496: [1, 0], 428423555550674945: [1, 0], 202532732906110976: [1, 0], 339245437850615809: [1, 0], 378357731037544448: [1, 0], 205427219093258240: [1, 0], 254998222118846465: [1, 0], 317107842039414799: [1, 0], 430093260023791617: [1, 0], 419297004376817664: [1, 0], 318460688144269322: [1, 0], 437011296911884299: [1, 0], 314621860434280449: [1, 0], 197490945720057856: [1, 0], 364161190504431616: [1, 0], 455866054002999297: [1, 0], 411037285526667275: [1, 0], 171308736441352193: [1, 0], 401840988810641418: [1, 0], 92719548892979200: [1, 0], 351080432726441987: [1, 0], 318431836655058947: [1, 0], 453709509894995980: [1, 0], 215285968792453121: [1, 0], 237249350856605698: [1, 0], 361132610031714305: [1, 0], 199012097764360193: [1, 0], 455949285314265099: [1, 0], 140222451656163329: [1, 0], 360973689283674112: [1, 0], 286756561848762378: [3, 0], 293498828554895362: [1, 0], 403731713567490059: [1, 0], 350524991961563136: [1, 0], 194333478106431490: [2, 0], 412610137832816640: [1, 0], 377097113047138305: [1, 0], 342653565547970562: [1, 0], 337621993232924672: [1, 0], 236474465389641731: [25, 0], 429359398901776388: [1, 0], 369716019347980309: [3, 0], 426150785836122133: [2, 0], 94248551663538176: [1, 0], 418990324006780958: [1, 0], 199099475497713664: [1, 0], 399469297132503041: [1, 0], 288647461713477634: [1, 0], 386440662704193544: [1, 0], 455586984933588997: [1, 0], 338250096456237066: [1, 0], 310296184436817930: [1, 0], 188054318895726592: [1, 0], 439887549364830249: [1, 0], 442811744478560257: [1, 0], 300200113974935553: [1, 0], 415559184445079562: [1, 0], 429309029521555467: [1, 0], 408956146427101195: [1, 0], 395245282725593098: [1, 0], 292239993953320960: [1, 0], 441215338009591808: [1, 0], 420545318158073857: [1, 0], 140076492276105216: [1, 0], 455825464137613313: [1, 0], 435103301218992154: [1, 0], 191264633741508608: [1, 0], 429640528297197570: [1, 0], 428502062821670923: [2, 0], 276619090171265024: [1, 0], 315801322974740482: [2, 0], 180112943612952577: [1, 0], 304672770623668234: [1, 0], 255462904717901824: [1, 0], 413904828377333781: [1, 0], 313850927691989002: [1, 0], 267654109983670273: [1, 0], 304000458144481280: [3, 2], 317493613376307200: [1, 0], 393276562562220042: [1, 0], 435765108287995904: [1, 0], 158871477612052480: [1, 0], 237253919112298497: [1, 0], 456069371492564993: [1, 0], 431446551752212490: [1, 0], 419788664172838916: [1, 0], 308671962782367747: [1, 0], 371957662553866240: [2, 0], 259014826242736132: [1, 0], 444205097308651530: [1, 0], 351302808475009025: [1, 0], 393733439481708556: [1, 0], 413041793068695552: [1, 0], 429785314685485058: [1, 0], 389133826326265859: [1, 0], 365841386832134157: [1, 0], 410107412507525121: [1, 0], 344212009845260298: [1, 0], 149964901056643072: [1, 0], 381110703894953987: [1, 0], 281147787981357057: [1, 0], 456099603175964672: [1, 0], 237538524436496385: [1, 0], 339234478528659458: [1, 0], 396708812234424339: [1, 0], 201422669889929216: [1, 0], 327491264503349279: [1, 0], 335566380759777300: [1, 0], 280158289667555328: [6, 0], 244508568517083136: [4, 0], 205288012165283840: [8, 0], 318040882924355595: [1, 0], 236787892830076928: [1, 0], 177098244407558145: [1, 0], 428270429346725910: [1, 0], 424909599783780354: [1, 0], 414840480535150592: [1, 0], 186222417180360704: [1, 0], 188263547359330304: [1, 0], 449300365930921996: [1, 0], 393487888811163658: [1, 0], 296794982751404032: [1, 0], 455315140859002880: [1, 0], 156180668433301505: [1, 0], 411918662891470858: [1, 0], 386505108277559296: [1, 0], 337892461655359488: [1, 0], 201357122129231873: [3, 0], 369822856432975873: [1, 0], 346096290897330176: [1, 0], 287351570482593792: [1, 0], 430776662930751499: [1, 0], 165514073776062464: [1, 0], 381958344895627274: [1, 0], 424352462691106817: [1, 0], 171687288072306688: [1, 0], 325620784359931904: [1, 0], 251092222831755264: [6, 3], 321627905568276480: [1, 0], 352939521224212490: [1, 0], 401088224916668417: [1, 0], 456121228202344459: [1, 0], 105787076741443584: [1, 0], 454930857476620298: [1, 0], 333689296819060736: [1, 0], 374276293245665292: [1, 0], 423894773951102978: [1, 0], 407648056373149696: [1, 0], 112952240746086400: [1, 0], 394554497273430039: [1, 0], 447407412106887169: [1, 0], 233520547642736641: [1, 0], 359514086247104512: [1, 0], 421613744607461376: [1, 0], 374707288994217995: [1, 0], 411997027354935298: [1, 0], 203221305170984970: [1, 0], 407602491753234433: [1, 0], 117494668769361927: [1, 0], 456213397105541151: [1, 0], 364761575556382730: [1, 0], 208595993833242625: [1, 0], 196716172148867072: [1, 0], 216278639354970112: [7, 4], 357637024141803520: [1, 0], 340319414345793546: [1, 0], 249521750465970177: [2, 0], 456223627319443456: [1, 0], 146011780630446080: [1, 0], 452483182894514177: [1, 0], 397391597664206851: [1, 0], 454331143357988864: [1, 0], 354172358757580803: [1, 0], 266626617554632705: [1, 0], 276263816155627522: [1, 0], 204071499135582208: [1, 0], 455804956675670018: [1, 0], 364924279843848193: [1, 0], 447538573638631435: [1, 0], 144742959630254080: [1, 0], 387308230763872256: [1, 0], 225148111301902337: [1, 0], 238470567416692746: [1, 0], 434177631378866206: [1, 0], 304316646946897920: [1, 0], 431215349417902080: [1, 0], 409553144490622976: [4, 0], 402421033862430731: [1, 0], 204456029092708361: [1, 0], 431274413451640832: [1, 0], 237429727009177600: [1, 0], 326403747699752962: [2, 0], 345345791298371584: [1, 0], 208696987082555393: [24, 4], 246455882089627658: [1, 0], 353211922998624257: [1, 0], 422575911435501588: [1, 0], 161848629080883200: [1, 0], 426547837627531265: [1, 0], 290244264666071040: [1, 0], 379049046330966016: [1, 0], 274617967856058369: [1, 0], 368170837628682240: [2, 0], 454381016123965440: [5, 0], 355106524672032769: [1, 0], 352126663439548438: [1, 0], 437030050076950529: [1, 0], 410168467409469460: [2, 0], 394402252498010113: [2, 0], 386494550778183682: [1, 0], 320410308197744640: [4, 0], 451217582922661890: [1, 0], 452240615514832907: [1, 0], 429975842550972426: [1, 0], 413482214756450305: [1, 0], 448694545454989322: [1, 0], 320617584846438410: [2, 0], 452065246253678592: [1, 0], 258397796107943937: [1, 0], 212400895432982531: [1, 0], 354472588858097664: [1, 0], 416324336303996948: [1, 0], 229441616555802624: [1, 0], 131313439132876800: [1, 0], 456348342721576962: [1, 0], 450208509234249730: [1, 0], 449574458047463425: [1, 0], 278136278116204545: [1, 0], 175463633906696192: [1, 0], 328817729853194240: [1, 0], 201857396526546944: [1, 0], 412654191224422400: [1, 0], 113462564217683968: [1, 0], 438324706375106561: [1, 0], 452091709329899530: [1, 0], 445264020891762689: [1, 0], 455866177944682496: [1, 0], 413538703299051520: [1, 0], 236952680201715714: [3, 0], 421884114623397888: [1, 0], 127509699032645634: [1, 0], 434380088046518302: [1, 0], 228147477247819776: [1, 0], 172002380294914056: [1, 0], 317225830894010369: [1, 0], 404558623130255360: [1, 0], 370684576387039253: [1, 0], 451889981078896670: [1, 0], 291267647348146179: [1, 0], 456394748383723530: [1, 0], 295216776428388362: [1, 0], 347444559640395787: [1, 0], 301770104339693568: [1, 0], 373042809864978433: [1, 0], 270070820133535746: [1, 0], 438639915547361280: [1, 0], 122567603720814594: [1, 0], 448259632348266507: [1, 0], 452130171676393473: [1, 0], 351023104434372608: [1, 0], 427455466784686080: [1, 0], 164419561964175362: [1, 0], 375917813799583745: [1, 0], 169094929472159745: [1, 0], 270931151235842058: [1, 0], 331578589545889804: [1, 0], 434863205395726345: [1, 0], 229578041251069953: [1, 0], 353158609225383937: [1, 0], 271103683951984650: [1, 0], 366582685310910464: [1, 0], 334392774768197632: [1, 0], 308184668883124225: [1, 0], 95624828756701184: [1, 0], 360869012735000577: [1, 0], 422873744915038209: [1, 0], 452028212713619456: [1, 0], 402917709248987138: [1, 0], 377494894677065738: [1, 0], 335529029929271298: [2, 0], 348431900773318656: [1, 0], 366914899873628181: [1, 0], 453315991355785217: [1, 0], 351279399867514881: [1, 0], 276544649148235776: [2, 0], 257179321419038722: [1, 0], 226027713360691200: [1, 0], 434802867728023553: [1, 0], 373965085283975171: [1, 0], 303110980743987202: [1, 0], 444226886139117579: [1, 0], 448565879689576459: [1, 0], 141284740757061632: [1, 0], 445988318463655937: [1, 0], 203932067971465218: [1, 0], 372615338262659083: [1, 0], 197348709149704192: [1, 0], 304160158333009923: [1, 0], 248056674072395777: [1, 0], 304518826731634699: [1, 0], 456472885968633857: [1, 0], 435417833200025610: [1, 0], 269491770834944002: [1, 0], 334349246629412875: [1, 0], 421375453052534804: [1, 0], 432534227590840342: [1, 0], 396168302684274688: [1, 0], 334464611451535370: [1, 0], 100054535422099456: [1, 0], 415609297184227360: [1, 0], 422090400095010817: [1, 0], 389950412465373194: [1, 0], 297433416998191127: [1, 0], 456504530805456896: [1, 0], 374526606015987722: [1, 0], 406744157256810497: [1, 0], 421956972657639444: [1, 0], 317641929317679104: [1, 0], 456523715664936970: [1, 0], 344095732787052584: [1, 0], 402470614268641283: [1, 0], 383630566123372544: [1, 0], 287352920955944960: [1, 0], 278958189435813888: [1, 0], 328817872174317568: [1, 0], 317271920112304128: [1, 0], 279963503446720512: [1, 0], 206478287902343169: [1, 0], 292743104111575041: [1, 0], 252779011908960256: [1, 0], 399230763054399509: [1, 0], 222837645812695040: [1, 0], 162060569803751424: [1, 0], 304635871225970688: [1, 0], 436653346628042763: [1, 0], 453276805168627723: [1, 0], 423280419807690754: [1, 0], 239505825792655360: [1, 0], 247870576444571650: [1, 0], 357472725205516298: [1, 0], 197480367593095168: [1, 0], 439543673651200031: [1, 0], 372100707274194944: [1, 0], 405585479904264202: [1, 0], 212300471371563008: [1, 0], 375814845892919298: [1, 0], 325783390043373571: [1, 0], 340485689948766208: [1, 0], 249555400855257088: [1, 0], 140493188195549184: [1, 0], 384761932764151822: [1, 0], 388902289722703884: [1, 0], 361066021408210944: [1, 0], 419803941501665281: [1, 0], 128374386943066112: [1, 0], 266277541646434305: [3, 0], 411676875337760779: [1, 0], 437704297715728405: [1, 0], 442457249948893185: [1, 0], 313326528505315328: [1, 0], 381540752846487552: [1, 0], 298795238955155458: [1, 0], 262238243875979265: [2, 0], 247460326864453634: [1, 0], 398528388723376131: [1, 0], 425451067506032640: [1, 0], 424228757323120640: [1, 0], 237261593413419009: [1, 0], 387756452527472640: [1, 0], 306158758537723906: [1, 0], 384089677210058752: [1, 0], 397825812956446752: [1, 0], 439590308485922837: [4, 0], 424178904266440705: [1, 0], 183280912035741696: [2, 1], 331600176139599875: [1, 0], 201385953816870912: [1, 0], 447141805129990154: [1, 0], 275098656695255041: [1, 0], 391791053965099010: [1, 0], 395959188725039105: [1, 0], 456243550720491541: [1, 0], 229051685966839818: [1, 0], 415596841405513728: [1, 0], 249336073648340994: [1, 0], 199241226032119818: [1, 0], 277018249240117248: [1, 0], 144277623575412737: [1, 0], 202896518087180288: [1, 0], 455485812281311242: [4, 0], 456249639310589952: [1, 0], 456641706163568656: [1, 0], 373211450791034890: [1, 0], 383778287257780226: [1, 0], 456657926778519563: [1, 0], 328614914832859147: [1, 0], 133447405369556992: [1, 0], 455182757354668063: [1, 0], 293872808012808192: [29, 0], 341846723607527425: [1, 0], 454750880135249948: [1, 0], 350170481305059339: [1, 0], 177115665298096128: [1, 0], 441623207754334219: [1, 0], 347631306663788555: [5, 0], 404163284552515586: [1, 0], 294854743908548610: [1, 0], 455221950344724480: [1, 0], 440467524983717898: [1, 0], 445637584895344651: [1, 0], 364821705404710912: [1, 0], 425673598498373642: [1, 0], 350529146452967434: [1, 0], 411690265330319361: [1, 0], 194545408960102400: [2, 0], 394455530082664450: [1, 0], 323875813684543490: [1, 0], 297771473823596544: [1, 0], 208692033412399104: [1, 0], 285057618626478082: [1, 0], 269656392711798804: [1, 0]}
265156322012561408;{157605500488384512: [1, 0], 176886860327419904: [2, 1], 244285266947211264: [18, 0], 255188888400822272: [6, 2], 180314310298304512: [2, 1], 296044953576931328: [51, 0], 193714715631812608: [89, 0], 221381001476046849: [3, 0], 270133511325876224: [17, 0], 190551803669118976: [4, 0], 363880571614527488: [8, 0], 231158069969551362: [6, 1], 444572597632368640: [2, 2], 308533287721369600: [9, 0], 400194913498693642: [6, 0], 422478841223708672: [1, 0], 359794248570109972: [1, 0], 338623853318373386: [1, 0], 175589848982355978: [3, 0], 320321880072388609: [10, 1], 102108573298851840: [1, 0], 254652876952043521: [1, 0], 197448151064379393: [1, 0], 231316535719755776: [3, 0], 274883242090561537: [1, 0], 214393232342122506: [1, 0], 220625669032247296: [1, 0], 295980401560649730: [3, 3], 320067006521147393: [7, 0], 359676835497508876: [1, 0], 176814930605899778: [2, 0], 424721898992304138: [1, 1], 421628177019043840: [3, 0], 430723591223640064: [2, 0], 188418994527535104: [7, 1], 419788664172838916: [1, 0], 267670678050832384: [2, 0], 422519996560834572: [4, 0], 190513283952803840: [2, 0], 185711883460935680: [3, 0], 372034980806656010: [1, 1], 415559184445079562: [4, 0], 274468966251102208: [1, 1], 434380088046518302: [2, 2], 310296184436817930: [2, 0], 138302166619258880: [1, 0], 373042809864978433: [2, 0], 432508632370774026: [11, 8], 304327970460270592: [4, 4], 456472885968633857: [2, 2], 370300900134354965: [2, 2], 294129532531638272: [3, 0], 267207628965281792: [1, 0], 292065674338107393: [3, 0], 179114344863367169: [4, 0], 197114678533554179: [9, 2], 293872808012808192: [1, 0], 328743687037124609: [1, 0]}
306891333405245450;{426060491681431562: [21, 0], 370300900134354965: [13, 0], 193575012450435072: [1, 0], 169275259026014208: [103, 0], 401946440332476426: [10, 0], 188418994527535104: [1, 0], 403966654272372747: [36, 0], 370919850337501185: [8, 0], 326158725595529238: [7, 0], 417962673813323776: [4, 1], 423982668481298434: [133, 0], 373438577410834434: [27, 1], 291000856466292737: [29, 0], 264030602947198977: [5, 0], 419243569820336130: [4, 0], 434902118470516737: [1, 0], 404039358849482754: [12, 0], 407218997193605120: [1, 0], 171308736441352193: [65, 0], 263214827508465664: [1, 0], 319368719492972547: [4, 0], 429359398901776388: [1, 0], 304000458144481280: [65, 0], 354375316841562112: [31, 0], 405912698077839390: [5, 2], 376008691087966209: [4, 0], 447538573638631435: [18, 0], 312774343153418240: [1, 0], 379049046330966016: [1, 0], 422519996560834572: [15, 0], 332555437234978828: [4, 0], 410599481243860993: [4, 0], 400683463394590720: [34, 0], 344095732787052584: [1, 0], 312644546989129729: [1, 0], 347822334406819842: [12, 0], 350170481305059339: [1, 0], 415503006327635968: [14, 0]}
444132215341711373;{443796657830887434: [18, 14], 370950843719221258: [3, 2]}
450315847433453568;{330690594194325508: [2, 0]}
455962586366607362;{309058265902219264: [53, 0], 337835735757357056: [4, 0], 297155167344787458: [28, 0], 289973969749147659: [19, 0], 334476262171213824: [15, 0], 137715189117091841: [4, 0]}
285458046006591499;{95579865788456960: [1, 0], 286166184402092042: [1, 0]}
392760790861611011;{279568324260528128: [1, 0]}
455964103421329431;{297155167344787458: [60, 0], 309058265902219264: [24, 0]}
456208031873761290;{382252818469355520: [10, 0], 298497913900892170: [46, 3], 238755062799663104: [3, 0], 409470110131027979: [6, 1], 279568324260528128: [9, 0], 281404141841022976: [9, 4], 238638761628532737: [14, 1]}
445945649880498176;{456435789966868480: [2, 1]}
456482228076019712;{279568324260528128: [62, 19], 231499325123854336: [36, 0], 271288202780737537: [15, 2]}
450380252057829386;{273188696965120011: [6, 2]}
411616334775058443;{279568324260528128: [18, 9]}
